label,BRCA1,BRCA2,TP53,PIK3CA,CDH1,PTEN,AKT1,MYC,CCND1,ERBB2,ESR1,PGR,MKI67,KRAS,EGFR,VEGFA,MMP9,CDKN2A,STAT3,JAK2
Cancer,-1.6611,-0.5708,-1.0107,0.4565,2.1516,1.3614,-1.1024,-2.6727,1.8872,1.799,3.0842,-1.276,-2.8288,-0.1708,-2.0293,-2.3295,-1.8318,0.3777,0.1568,0.0297
Cancer,-1.3879,-1.3405,-0.3385,0.275,1.7842,0.4284,-0.2438,-0.7523,1.023,2.5213,2.386,3.4165,-1.8375,0.4045,-0.4754,-1.4411,-4.2045,0.4871,1.3798,0.2693
Cancer,-1.9248,-1.541,-0.5445,0.5718,1.7918,1.3056,0.0186,-1.9892,-0.5033,3.4108,0.7912,2.774,-2.8418,0.1853,-0.883,-1.6557,-4.7178,1.5789,1.5619,0.0587
Cancer,-1.6562,-0.4048,-0.8002,0.8905,4.4287,0.8096,-0.157,-0.9731,1.6576,2.6008,2.4954,2.3208,-1.384,0.4285,-0.9467,-1.2897,-2.8072,0.5072,0.7429,0.5682
Cancer,-0.3582,0.629,1.6717,-0.5238,-0.1848,0.2509,0.3308,0.1707,-3.6312,-1.6558,-4.8607,-2.9254,0.4715,1.6762,-1.378,0.539,-4.324,0.251,0.6811,-0.8923
Cancer,-1.9957,-1.2315,-0.3845,0.3572,1.2836,1.3108,1.008,-2.3138,2.667,5.5158,2.797,-2.1873,-1.761,0.238,-1.3409,-1.35,-2.5957,1.2719,1.2574,0.3582
Cancer,-0.1364,0.768,0.8112,0.603,0.4226,-0.2369,0.6818,-0.1853,-4.0771,2.4989,-4.4861,-2.7887,0.3452,0.4698,0.4282,-2.5193,-3.7068,-0.6943,0.7852,-1.0495
Cancer,-0.7098,-0.033,-1.8122,0.2685,1.9502,-1.2432,-0.6649,0.0393,1.5703,0.9221,-1.6274,-2.0603,-1.281,2.1588,0.3315,-1.8061,-1.1335,3.4422,0.3424,-0.5852
Cancer,-1.3966,-1.0525,-1.0343,1.022,1.9925,1.2074,-1.3855,-1.4374,-1.0363,1.7542,4.1156,4.5687,-2.503,0.097,-1.5908,-1.5778,-3.5192,0.3619,0.058,1.104
Cancer,-3.127,1.5498,-1.8085,5.8802,0.4919,0.2884,0.0511,-1.4905,-2.7996,1.6755,0.4732,-3.3953,-1.4045,0.3914,1.2858,0.6993,-4.655,1.162,0.7396,0.1758
Cancer,-1.3003,-0.379,-1.1813,0.4008,1.6962,-0.1658,-1.0278,-0.6685,-0.4601,1.0031,-1.8016,-1.3045,0.1762,0.3207,0.9609,-1.3246,0.5525,1.0689,1.5431,2.1045
Cancer,-0.5412,-1.8628,-1.1792,0.4532,2.6548,0.5854,-0.9266,-0.9277,0.769,2.0371,3.8452,2.795,0.2238,1.7721,-2.2197,-0.5316,-3.6632,-0.1407,0.0878,-0.4273
Cancer,-3.2722,1.3762,0.9892,0.9098,2.7335,-0.0017,-0.3658,-0.4258,-2.5436,1.2435,-3.2447,-2.841,-0.156,0.3572,-0.1684,-0.7329,-0.5822,-0.9707,0.4337,0.374
Cancer,-0.4072,0.5105,-1.8075,-0.5212,0.4352,0.4586,-0.5286,-0.6965,-1.1024,0.7836,-4.2143,-2.5795,0.4562,0.2798,-1.5685,-0.2138,-1.887,1.8117,1.5329,-1.4935
Cancer,-1.8257,-0.7163,-0.4085,0.5612,1.6849,0.7145,-0.0006,-0.9854,3.1192,2.7601,4.0717,-0.6652,-1.1388,-0.1362,-2.3862,-1.1392,-2.113,0.7867,1.1032,0.3602
Cancer,-2.3733,-0.4368,-0.223,0.104,3.1562,0.367,1.1264,-1.6964,-0.2712,5.0181,-1.4626,-2.1802,-1.687,0.1278,-0.5356,-0.8166,-3.2642,2.0942,0.2191,0.3285
Cancer,-1.2683,-0.049,-1.0627,0.1318,2.8911,0.924,-0.1385,-2.2529,0.6701,4.8421,0.9173,2.0172,-0.6288,-0.0105,-3.2139,0.0788,-1.495,0.7594,0.2716,0.8945
Cancer,-1.1105,0.1125,-1.3145,-0.0848,3.4204,-0.0349,-0.0459,-1.4043,1.0741,2.7901,3.0127,0.7188,-0.8015,-0.1209,-2.4509,-0.7511,-1.4048,-0.2512,0.331,0.2523
Cancer,-0.8538,0.217,0.134,0.732,2.0696,0.146,-0.4584,-0.9726,0.0147,0.9345,0.4322,-1.2732,-1.0585,0.4492,-1.6438,-1.2585,-3.6285,0.2098,0.9674,1.3348
Cancer,-1.2792,0.4242,0.4903,0.8608,1.8055,1.3563,-0.7909,1.0237,-0.332,0.8398,-1.4428,-2.786,-0.0882,0.3379,-0.0592,-0.945,-0.1862,2.433,1.1794,0.888
Cancer,-2.6276,-1.6538,-0.6622,0.5675,1.6846,0.9346,-0.9684,-1.6399,-0.1013,1.9525,2.8542,3.8443,-3.9005,0.6154,-0.8663,-1.0693,-3.7255,1.0232,1.171,0.6647
Cancer,-1.3598,-0.645,-0.4283,-0.3535,1.9735,0.643,-0.2542,-2.5477,0.937,2.5248,4.3583,3.3052,-1.1405,0.1741,-3.3975,-0.7904,-4.7865,-0.9474,1.4857,-0.477
Cancer,-1.7392,-0.5475,1.0105,0.492,2.7298,-0.145,-0.4975,-2.3519,0.0042,2.1331,4.5212,3.3313,-2.321,0.5598,-2.5375,-1.033,-2.824,0.4012,1.1906,1.0018
Cancer,-0.9069,-0.8075,-0.668,0.3302,3.029,0.2699,-0.3159,0.4817,1.8082,2.8457,3.9869,-2.2558,-1.7692,0.5728,-2.436,-0.8913,-4.1725,0.3292,0.6569,-0.7065
Cancer,-0.6561,-1.242,-1.1548,0.374,3.932,0.4733,-0.8234,-1.4702,2.0465,2.8844,5.1325,-1.1482,-1.951,1.0486,-1.6896,-1.5535,-5.0228,0.5996,0.6786,0.0447
Cancer,-2.7661,-1.9102,0.1415,0.3777,1.6898,0.9774,-0.0891,-1.1865,-0.5686,1.5024,3.6391,2.623,-4.763,-0.1187,-0.5666,-0.9213,-4.836,0.7194,0.738,0.495
Cancer,-1.2376,1.213,-2.3473,0.494,4.0173,0.4572,-1.0026,-2.3197,-0.8688,1.9081,4.5262,3.1605,-1.371,0.12,-2.3319,-1.0774,-2.1422,-0.8504,-0.2322,0.0767
Cancer,-1.4499,-0.0232,-0.3537,0.363,3.1111,0.8641,-0.2996,-0.5036,-1.3158,4.5844,-1.2716,-2.9985,-0.441,0.3048,-1.9704,0.4229,-1.4665,0.8872,0.3491,0.0738
Cancer,-1.9412,-0.9485,0.2508,0.522,1.9392,0.641,-0.8232,0.356,0.1415,1.8105,4.3904,-1.5408,-1.3167,0.6436,0.1568,1.6454,-4.0658,-0.6298,0.63,-2.4488
Cancer,-2.5154,-2.1782,-0.2587,0.4978,1.1576,0.9818,-0.7045,-1.2283,-0.3115,2.0566,1.6641,-0.8573,-3.1058,-0.0053,-0.1297,-1.9264,-0.3118,1.1663,0.7726,0.1813
Cancer,-0.3827,0.3408,-1.736,0.604,0.8724,0.335,0.9089,0.9048,-0.7701,1.4691,-4.6259,-3.1327,-0.0812,-0.9648,0.3797,0.2544,-0.4132,0.1676,0.9592,0.7757
Cancer,-1.6614,-0.8145,-1.8907,-1.1428,2.875,1.1,0.4304,-3.7913,-0.281,4.9379,-2.7191,-2.6427,-0.686,0.2526,5.081,1.0097,-2.8668,-0.486,-0.1943,-0.9845
Cancer,-2.5667,-0.3582,-1.5698,0.4375,1.3572,-0.6985,-0.6576,-0.7829,-1.3028,1.0828,-2.594,-2.1408,-0.563,-0.2497,-1.1073,-0.7459,-0.9832,0.5997,0.9814,0.109
Cancer,-2.4274,-1.474,1.417,-0.1985,1.2653,0.2691,0.2042,-1.5249,-1.2856,2.2282,3.1901,4.1598,-4.5485,0.158,-3.3665,-1.1605,-4.113,0.1226,1.2689,0.4462
Cancer,-0.1938,-0.0688,-0.7678,0.3805,2.7457,-0.1341,-0.6612,-1.6632,2.1608,1.8766,3.561,-0.9395,-0.7145,0.5282,-2.4716,-1.0193,-5.1123,0.3096,0.3888,1.542
Cancer,-2.1207,-2.5278,0.1322,-0.1455,1.7564,1.3559,-0.6375,-1.9695,0.4438,2.2534,4.1659,4.0192,-2.7638,0.6422,-1.9889,-1.7015,-4.1692,0.3416,0.7761,0.5977
Cancer,-2.1382,-1.192,-0.4253,0.5175,-2.6032,0.7846,-0.0615,-2.1365,-0.7626,2.508,3.4388,-2.127,-3.074,-0.0528,-1.4198,-1.0751,-3.8488,0.7999,1.8659,0.511
Cancer,-1.9237,-1.7052,-0.302,0.4042,2.324,1.252,-0.4529,-0.5678,1.9924,3.0489,3.257,3.9678,-2.115,0.722,-0.2773,-1.1387,-2.935,0.8315,1.0281,1.1043
Cancer,-0.8782,0.2908,0.1613,-0.1398,1.7159,0.7269,-0.873,-1.8849,0.7384,2.1589,0.1126,-2.8213,0.412,0.2794,3.3569,-0.9251,-2.9338,-1.3199,0.9027,0.4952
Cancer,-1.5468,-0.1898,-0.626,0.3852,2.6683,1.0258,-0.2209,-1.8334,3.458,1.8619,4.5866,0.7397,-1.1532,0.6797,-2.3702,-1.5094,-3.9218,-0.4466,0.8806,-0.6658
Cancer,-2.4752,-1.833,-0.159,0.7708,2.5002,1.1201,-0.0161,-0.5482,-0.8915,2.2156,3.1902,2.7793,-3.5808,-0.5905,0.7385,-1.8635,-5.7785,0.2073,1.0199,1.4793
Cancer,-1.0768,-0.5672,0.0272,0.1848,2.6324,1.0072,-1.1212,-0.7974,0.0555,2.2289,4.3861,0.966,-2.7095,1.1928,-2.96,-1.2611,-4.7315,-0.456,0.4856,-0.3017
Cancer,-1.1019,-0.6732,0.1497,0.6105,3.4036,0.5505,-0.2805,-0.5791,1.4712,1.9424,4.4432,3.1253,-1.9495,0.512,-2.7778,-1.1121,-4.2365,0.0872,1.0392,0.332
Cancer,-0.7325,-0.8125,-0.62,0.207,1.6358,0.9273,-0.8615,-2.9026,0.3686,2.6201,3.9932,4.2227,-2.422,0.6368,-2.1159,-2.0283,-1.0628,1.0788,1.4093,0.0175
Cancer,-2.3015,-2.2535,-0.422,0.3088,-0.1042,1.3415,0.342,-0.7288,1.5681,2.2016,3.5504,1.359,-3.347,0.1145,-0.3505,-1.7,-3.3962,0.4857,0.7967,0.1285
Cancer,-2.1219,-3.0168,-0.395,-0.0428,-2.0985,1.0899,-0.9249,-0.5537,0.2648,2.4915,2.3009,3.0123,-3.3912,0.3359,-1.1748,-1.3347,-4.808,1.1837,0.7316,0.4642
Cancer,-1.4981,0.4335,-0.0312,-0.332,2.6448,0.4036,-0.2682,-2.7739,-0.8354,4.628,2.9296,-2.286,-1.215,1.6891,-3.0206,-1.3957,1.684,0.2608,0.6605,-0.3967
Cancer,-1.3891,0.3562,0.4638,0.6945,1.3192,1.1087,-0.5002,-0.0201,-0.7982,1.5411,0.6212,-1.9438,-0.8068,0.3409,-0.0182,-1.5238,-3.9165,0.2388,1.3177,2.3397
Cancer,-1.4532,-2.5812,-0.3463,0.3032,1.2273,0.5584,0.4115,-0.9928,1.3045,2.69,5.0623,-0.1387,-2.0825,0.3636,-1.6836,-1.5197,-3.492,-0.3296,1.3756,-0.5158
Cancer,-0.4282,-0.3825,-0.1215,0.3272,1.949,0.34,-0.8122,-0.0122,-0.3962,2.063,1.8896,0.5115,-1.902,-0.1032,-1.9668,-1.0403,0.3182,-0.1926,1.3728,-0.1782
Cancer,-1.6698,-1.0062,-0.567,-0.3728,2.5785,0.8238,-0.0272,-2.6675,-0.8056,0.2046,3.4692,0.8177,-1.2948,0.0126,-2.5945,-1.4009,2.51,0.9543,0.3152,0.1907
Cancer,-1.3043,-0.1485,1.309,0.8478,0.9952,1.2191,0.1289,-0.2399,0.5751,1.5324,-1.1442,-2.2998,-0.0107,-0.0905,0.1889,-1.9304,-0.931,3.2263,1.6493,0.7102
Cancer,-2.0965,-1.3918,-0.1855,-0.0062,-1.9303,1.245,0.2555,-0.85,0.917,3.6121,3.865,2.5362,-2.203,0.0907,-1.1815,-1.7958,-4.1402,0.9245,0.8934,0.9177
Cancer,-0.9082,-2.3452,0.1645,0.2498,1.3499,-0.5449,0.1766,0.8381,-1.1002,1.5159,-2.0027,-2.3713,-1.109,-0.6884,-0.0165,0.6758,-0.3298,-0.3705,1.1866,-1.0712
Cancer,-0.9542,-0.3502,-0.0773,0.3262,1.2321,0.3916,0.3185,-2.0659,-1.6125,5.5182,-2.6954,-1.9888,-1.4822,1.0415,-2.235,-0.4246,4.9042,0.7528,0.8879,0.6243
Cancer,-1.573,-1.3198,-0.3888,0.476,1.8803,-1.1216,-0.5681,-1.7087,-1.8531,1.9915,-2.8803,-2.3898,-1.6688,-0.5048,1.3523,1.9811,-2.4745,1.0471,1.0293,0.6562
Cancer,-0.9272,-0.6795,-0.7618,0.428,2.5641,1.2749,-0.1821,-0.4166,2.029,1.3715,3.5905,2.9015,-1.9798,-0.6062,0.0194,-1.9693,-1.1065,0.1787,0.9888,1.0807
Cancer,-1.1264,-1.1105,0.1907,1.1382,-0.6144,1.1404,0.2052,-0.9326,1.6483,2.3184,4.2678,2.6937,-0.5362,0.6037,-1.0613,-2.1992,-5.0928,1.2906,1.4617,0.363
Cancer,-1.0419,-1.2482,0.5188,-0.112,1.213,0.9363,-0.3414,-0.2942,0.4525,2.7861,2.7864,3.7665,-2.4755,-0.4847,-0.979,-0.8678,-3.4502,0.8393,1.6641,-0.264
Cancer,-2.0399,-2.3242,-0.4227,0.4975,0.3458,1.3916,-0.7602,-0.7837,-0.9986,2.9339,2.0728,1.9798,-4.28,-0.237,-1.0797,-1.8445,1.063,1.5303,1.0103,0.7445
Cancer,-1.6406,-1.2357,0.3233,0.613,2.9772,1.0859,0.4715,-0.8688,-0.3728,2.1022,1.6945,-0.2285,-2.0458,0.6167,-0.5002,-2.0846,-2.0978,1.1567,1.3453,-0.288
Cancer,-0.966,-0.852,-0.5703,0.4262,1.4427,2.1985,-0.2054,-1.4836,1.0602,2.4725,4.3737,4.0292,-2.4012,0.2833,-2.4173,-1.1954,-1.2012,0.6667,1.6941,-0.2608
Cancer,-2.0733,-1.813,-0.0662,0.1758,-2.4276,0.8629,-0.8619,-1.4849,0.5228,1.6231,3.9314,3.3542,-2.415,0.4557,-1.3383,-1.1896,-3.8265,0.9295,0.9828,0.4573
Cancer,-0.9451,0.2398,-2.3743,0.0655,0.6735,-1.5804,0.2292,-2.4849,-0.0918,1.8301,-3.901,-2.2727,-1.4495,0.2705,3.0186,-1.2727,2.158,-0.0138,1.1851,-0.7097
Cancer,-0.826,-1.0055,-0.0558,-0.2668,2.8912,0.8487,-0.0408,-1.4822,2.4295,2.6206,5.5503,0.9727,-0.9702,-0.5818,-2.7091,-0.8125,-4.1062,-0.0568,0.6979,-0.0233
Cancer,-0.9886,-0.103,-1.7982,-0.0328,3.5608,0.2766,0.8566,-2.1621,-0.5367,5.1215,3.4483,-2.4692,-1.1127,-0.0605,-2.4432,-0.6332,-0.758,0.0005,0.4412,-0.8818
Cancer,-1.2858,-0.5772,0.3543,0.2618,1.1785,0.9054,0.5021,-0.5723,0.7311,1.9638,3.7434,0.1187,-1.384,-0.1128,-2.902,-0.9662,-2.1748,0.8175,1.1939,0.6738
Cancer,-2.1408,-1.7162,-0.2448,0.5815,2.4625,0.1974,-0.3532,-1.3426,0.0868,2.075,4.5316,2.0257,-3.0173,0.6712,-1.5896,-0.9212,-4.7338,0.3858,1.5608,0.4708
Cancer,-1.3907,-0.2158,-1.0315,-0.1115,1.6593,0.6651,-0.111,0.3497,-1.7291,4.1622,-3.5901,-2.2395,-1.8638,-0.4649,2.0377,2.1915,0.904,-1.0202,0.6917,-1.028
Cancer,-2.1092,-1.0495,-0.1097,0.559,0.0281,1.1904,0.124,-0.7559,0.8559,1.4602,3.8335,-1.7047,-2.9012,-0.0282,-0.2003,-1.1781,-4.9738,0.4879,1.0925,0.9632
Cancer,-1.7203,-1.4162,0.017,0.7072,-0.0052,1.5636,-0.5392,-0.1661,-0.0112,1.2122,2.3806,3.5318,-2.2682,-0.2875,0.1217,-1.7443,-4.0595,-0.0037,0.6671,1.0107
Cancer,-1.5857,-0.2035,-0.3963,0.4315,1.1147,0.4567,-0.5604,0.2816,-1.9338,1.2971,-2.9201,-2.6917,-0.2758,0.95,0.7173,-1.0347,2.768,0.9451,0.7371,-0.4578
Cancer,-1.0469,-0.747,-0.2085,0.1772,3.168,0.4205,-0.0939,-1.8498,0.4423,1.4485,3.8774,-1.926,-1.1282,0.6369,-2.604,-1.7047,-3.5132,0.9687,-0.1748,-0.753
Cancer,-0.7565,-1.971,-0.388,1.3638,2.2547,0.6209,-0.5238,-0.1362,0.6148,2.9546,4.6286,3.3445,-1.879,0.6828,-3.0465,0.2852,-4.4765,1.4174,0.9656,-0.4775
Cancer,-0.6191,-3.6028,0.4437,0.6102,1.4847,0.0466,-0.2168,-0.7358,-2.8012,1.8925,-1.1024,-2.5425,-0.5148,0.7399,0.0564,0.4319,-2.065,0.9641,1.0347,0.0012
Cancer,-2.3137,-2.5625,-0.7355,0.1952,1.1227,1.5723,-0.4851,-2.1877,-0.8268,2.1609,4.6528,-0.0748,-3.1352,0.2455,-1.0284,-2.0897,-3.4028,0.6098,0.09,0.7248
Cancer,-1.5147,-1.965,0.0753,-0.514,2.0121,0.6247,0.223,-2.4037,0.4732,2.8004,5.4676,3.507,-2.3612,-0.7278,-2.652,-1.5102,-4.2592,0.1202,1.2644,-0.2232
Cancer,-1.3402,-1.059,-0.8097,0.2365,2.0316,0.0159,-0.6672,-0.5634,0.558,1.0456,4.6649,4.1578,-3.018,-0.4872,-2.7024,0.0831,-2.7615,-0.4015,0.3999,0.2468
Cancer,-2.1044,-2.6325,-0.9185,0.2998,3.5099,0.9175,0.7258,-1.0483,1.6666,1.336,3.2847,-1.5437,-2.8812,-0.3828,-2.0346,-0.3948,-4.339,0.6894,0.61,-1.0838
Cancer,-2.2935,-1.7258,1.1833,0.3792,1.8427,0.4801,0.5011,0.1066,1.0836,1.4878,-3.3426,-2.9152,-1.6648,-1.4908,1.1512,0.4726,-1.1765,1.6178,1.3499,0.118
Cancer,-1.9493,-1.7455,-0.0875,-0.164,1.844,-0.4209,0.3304,-2.1164,-0.1432,2.3028,4.4631,3.752,-2.6192,-0.2725,-1.7683,-1.8488,-3.6315,0.4552,1.0194,0.8917
Cancer,-1.5703,-0.9008,-2.0828,-0.254,2.3032,-0.4275,0.2925,-0.5024,-1.0841,2.4831,-3.038,-1.799,-0.2572,0.258,0.2035,1.0713,-3.2425,2.7418,2.3645,-1.1037
Cancer,-1.5155,-1.55,0.0762,0.4385,0.7325,0.8299,-1.1534,0.4156,0.7847,2.2367,-1.0925,-2.9425,-2.4495,-0.0229,1.9328,0.0123,-1.3952,-0.0316,0.2687,-0.2292
Cancer,-0.3648,-0.0818,1.8048,-1.1918,2.9098,1.0664,1.468,-0.789,0.5478,2.7829,2.8423,2.032,-0.3428,-1.0732,-2.954,-0.258,-2.1012,-0.7295,1.7909,-1.5868
Cancer,-1.1012,-1.229,-0.9928,0.097,2.7,-0.1027,-0.412,-1.7889,0.8778,2.6792,5.6137,-2.9375,-3.7245,-0.3817,-4.2147,-0.9685,-5.358,-0.0727,0.4329,-0.8117
Cancer,-0.1267,-1.104,-0.4922,-0.1005,1.7607,-0.261,-0.7694,-0.2808,1.1338,2.3606,4.5798,2.2678,-0.7702,-0.0853,-2.662,-1.4482,-3.3855,0.5045,0.8931,-0.7412
Cancer,-2.1455,-1.7412,-0.03,0.3312,2.1967,0.8395,-0.3416,-1.8537,0.7945,1.964,3.0908,3.5697,-3.307,0.1727,-1.7168,-1.2384,-2.0822,0.5583,0.9829,0.7572
Cancer,-1.1252,-0.4828,-0.261,-0.4198,1.6802,-0.0379,0.076,-1.7898,0.0429,1.924,3.4851,1.8505,-1.7288,-0.0562,-2.0822,-1.4787,-5.4148,-0.4689,-0.077,1.427
Cancer,-1.6604,0.8952,-1.8312,0.1282,2.59,0.5286,0.8569,-2.6703,0.688,1.5435,4.4306,-2.0378,-1.118,0.5512,-1.0516,1.3322,0.3388,0.783,0.417,-0.422
Cancer,-1.0529,-1.5015,-0.2533,0.0165,2.0411,1.0419,-0.1304,-1.9194,0.5886,2.9262,5.2739,3.3863,-2.178,-0.8624,-2.841,-1.4237,-4.2152,0.3,0.6254,0.1782
Cancer,-1.1682,-0.9118,-1.8962,0.9928,2.3087,0.0002,-0.1229,-1.4562,1.5478,2.6834,4.3392,2.1017,-1.9538,-0.0615,-2.8292,-0.9646,-2.5042,0.1891,1.2051,-0.5202
Cancer,-1.3068,-0.1393,-0.4425,0.9308,2.0804,0.6489,0.891,-0.1362,0.9806,2.6748,4.947,-2.4963,-0.177,-0.7722,-3.8598,-0.7291,-0.8335,-0.3692,0.757,0.6788
Cancer,-1.5531,-1.9245,0.1815,0.5278,3.5826,0.5154,-0.8741,-0.5265,0.2507,2.5994,5.2588,-1.5388,-2.9822,0.1017,-2.1765,-0.7889,-3.6758,-0.5843,1.0389,-0.0812
Cancer,-0.5927,-0.9988,-2.2242,0.3558,2.6924,0.7295,-0.4516,-2.2213,2.1024,2.4328,4.4275,1.6753,-1.223,0.7318,-3.7164,0.253,-3.8798,-0.3829,0.9206,-1.3555
Cancer,-1.421,0.1152,-1.8258,-0.2018,0.9246,0.5929,0.3351,-1.5316,-0.4198,1.553,1.4726,-1.0713,-0.3878,-0.0645,-2.4056,0.6511,2.8265,0.0246,0.7676,-0.1463
Cancer,-1.8984,-0.748,-0.5108,-0.4165,3.199,0.6672,0.5088,-2.4709,-0.015,4.0548,1.8957,-2.3208,-1.7648,0.9262,-1.9479,-1.6559,1.9455,0.1311,0.0608,-0.3893
Cancer,-0.8998,-1,-1.055,-0.0482,1.0132,0.4414,-0.0478,-0.9988,2.7326,1.8376,5.3683,2.5302,-0.0422,0.4702,-3.876,-1.8365,-1.3952,2.0578,0.6142,-0.8527
Cancer,-2.0501,-1.8595,-1.839,0.1455,-3.3778,0.8874,0.1949,-0.4474,1.1013,4.1294,3.0313,0.2443,-0.649,0.3782,-3.1508,-0.0294,-3.9948,0.3632,0.7651,-0.1467
Cancer,-3.3862,0.5695,-1.8857,0.7912,-0.0196,-0.1766,-0.9346,-0.5837,-3.0691,1.5741,-3.456,-2.4337,0.1438,0.225,-0.8041,-1.7754,-1.3795,0.3034,1.3656,-0.8177
Cancer,-1.8733,-1.0318,0.2495,0.234,1.561,0.7714,0.1918,-1.6252,2.644,1.2231,4.1357,-0.5642,-0.8678,0.8652,-0.5264,-1.4971,-0.6905,0.5878,0.8202,0.2205
Cancer,-1.1292,-0.8028,0.4822,-0.304,-2.1426,1.0934,-0.5578,-1.0854,-0.4841,1.8205,3.2572,5.4402,-1.962,0.0627,-1.8412,-1.7693,-1.2445,0.0028,1.0834,0.8207
Cancer,-1.5652,-1.7858,-1.4765,1.5598,1.6129,0.8824,-0.5164,-2.4263,0.0633,2.7491,4.6572,1.4125,-3.1385,0.3796,-1.7082,-1.6166,-2.7905,1.5752,1.3574,-0.1578
Cancer,-1.7448,-0.6072,-0.5405,-0.0445,2.855,1.2311,0.1181,-1.7654,1.3302,4.8461,3.9751,-2.1015,-1.5538,-0.1444,-2.1898,-0.8215,0.9278,1.0528,0.7458,-0.2082
Cancer,-1.7814,-1.7198,0.2002,0.519,1.3722,0.9641,0.5139,-2.1969,0.4357,2.8541,2.4882,1.4858,-3.3108,-0.5298,-2.0639,-0.8672,-5.1,1.6921,1.8305,0.2618
Cancer,-3.5678,-0.9715,0.3948,-0.3578,2.0461,0.6743,-0.7085,-1.5289,1.4718,2.2615,5.7876,0.5818,-0.9982,-0.5773,-1.8748,-1.1907,-1.3025,0.4558,-0.0842,0.0468
Cancer,-0.2768,-0.9925,-1.6198,0.347,0.7962,0.7257,-1.0048,1.6062,-2.2367,1.0059,-1.6706,-2.9575,-0.9812,-0.2895,-0.5441,-0.2918,2.3898,2.5034,1.5116,-0.4555
Cancer,-1.4168,-2.082,-0.3942,-0.1638,1.7143,0.7601,0.0535,-0.9536,0.9119,3.853,4.7574,-0.7173,-2.798,0.5835,-3.1631,-1.1677,-2.7982,0.4107,0.9591,-0.2928
Cancer,-0.8342,-2.1548,-0.296,1.2155,1.0088,-0.1016,-0.7989,-0.4606,-2.4212,1.6891,-4.4153,-2.4483,-0.1145,0.6173,1.051,-0.1164,-1.8838,0.4048,1.8091,-0.4273
Cancer,-0.9422,-0.863,-0.3773,-0.4645,1.8548,1.3134,-0.0225,-1.767,0.5565,2.084,4.6184,0.1607,-1.5885,0.6845,-2.5187,-0.6698,-2.9905,-0.3723,1.5832,-0.5763
Cancer,-1.3382,-0.4788,-0.8787,0.324,2.1614,0.5535,-0.2928,-0.5953,-1.2035,1.7284,-0.4567,-1.855,-0.3785,1.0859,1.1197,-0.8302,-1.5635,1.7676,1.2137,1.6637
Cancer,-0.2485,-0.7155,-0.6882,0.181,3.0758,0.8319,-0.5792,-2.4074,3.2717,2.0338,5.12,2.0855,-1.5232,0.6367,-3.578,-0.1145,-0.0802,0.7407,0.6644,-0.7688
Cancer,-0.94,-0.798,0.0582,-0.2162,3.5285,0.8196,0.345,-2.1922,0.9773,2.019,4.397,2.9245,-0.951,0.5899,-3.3076,-0.9217,-3.5792,0.1718,1.1111,0.2733
Cancer,-0.1472,-0.5702,-0.1688,0.0535,2.5822,0.0414,0.2081,-3.1981,1.9838,3.5519,4.8109,-3.3643,-0.225,0.4162,-1.4053,-1.7069,-2.7075,0.0842,1.2776,-0.826
Cancer,-0.6607,-0.1703,-0.1997,-0.2588,2.3338,0.4781,0.3106,-1.7272,4.2252,1.3944,3.5341,1.7052,-0.885,0.2832,-2.7039,-1.0153,-2.3522,0.4141,0.6405,0.0342
Cancer,-1.672,-1.112,-0.2425,-0.234,2.4878,0.5051,0.1052,-2.7045,1.5743,2.7976,5.903,2.3308,-3.8055,-0.3929,-4.5805,0.6399,-4.371,-0.4279,1.5084,0.1027
Cancer,-1.3467,0.4352,-1.6807,-0.3438,2.0815,0.4091,0.6268,-3.2152,0.5737,1.3607,4.1302,-2.428,-1.1295,0.1993,-2.5715,-0.2371,-0.3812,0.8778,0.353,0.1532
Cancer,-0.5873,-2.6825,-0.6447,-0.06,3.0801,1.1755,-0.1069,-0.5276,1.4747,2.1615,4.2662,-3.1408,-1.129,0.2039,-2.9714,0.6057,-2.6238,0.8125,0.4607,-0.9923
Cancer,-0.6457,-1.3542,-0.3032,0.197,1.2548,0.8925,-0.4439,-0.4636,2.9243,1.3982,3.9804,3.9108,-1.834,0.1102,-2.2474,-0.3294,-2.8392,0.6952,0.6172,-0.417
Cancer,-1.617,-1.9602,0.25,-0.5618,1.6067,-0.7291,0.0574,-1.9374,0.379,2.1628,4.5156,2.8597,-2.1808,0.7259,-2.9681,-1.2295,-3.7922,-0.0753,1.0739,0.526
Cancer,-1.1873,0.0388,-2.1617,-0.1828,1.7985,0.2874,0.404,-0.7578,-0.1692,5.2418,2.4372,-0.6893,-0.7175,-0.3441,-3.2201,-0.3263,-0.5335,0.5757,1.0294,-0.0567
Cancer,-2.1101,-2.105,0.6863,0.1275,-0.09,0.733,-0.2698,-0.7662,0.3939,2.274,5.0918,-2.2033,-2.928,0.4297,-3.5696,-1.2735,-4.8675,0.0557,1.0015,-0.0092
Cancer,-2.6256,0.4035,-0.6458,-0.0585,2.362,0.0768,-0.8651,-1.7434,1.7612,1.319,4.2345,-0.9675,-0.4668,0.4041,-2.6568,-1.2024,2.0582,-0.2821,0.5025,0.0353
Cancer,-0.9448,-0.3455,-0.4358,-0.2612,2.3612,0.5627,1.0088,-1.0167,2.5267,2.7846,4.4848,0.4338,-1.3322,-0.7965,-3.4374,-1.4233,-2.8185,0.8992,1.4466,-0.0692
Cancer,-1.0472,-0.294,-1.5317,0.248,-0.5345,0.7261,-1.3032,-1.2582,-1.3712,0.9114,2.2738,-0.0367,-1.4735,0.7641,-0.4446,-2.1802,0.8568,0.4345,0.0001,0.6307
Cancer,-0.773,-1.2678,-0.4935,-0.0703,2.744,0.6275,-0.2108,-2.2026,-2.6252,0.6846,5.2512,2.9977,-1.2885,0.0649,-2.4807,-0.7691,-4.8805,0.4635,1.1289,1.7297
Cancer,-1.4944,-0.7318,-0.7082,-0.1495,2.6047,0.8727,0.0266,-3.0705,0.7679,5.057,0.5873,-1.9515,-1.4173,0.8336,-1.7829,-0.7795,1.477,0.4874,0.1718,-0.605
Cancer,-0.8882,-1.794,-1.4345,0.4885,3.4702,0.558,0.8432,-3.0679,-3.2087,2.0646,1.5883,-2.9232,-0.2485,0.3187,0.5365,-0.0903,-4.8492,-0.0273,0.8298,-0.5815
Cancer,-1.1892,-1.3268,-0.419,0.0107,2.2194,1.0509,-0.4686,-0.8002,1.4511,2.8461,2.8477,1.7105,-1.659,-0.3413,-1.0963,-1.9176,-1.9092,0.8603,0.9829,0.5503
Cancer,-0.9536,-0.9852,-1.4338,0.7062,1.8438,0.5576,-0.1044,-1.4596,1.1949,2.9254,2.9954,0.7137,-1.4998,0.6002,-2.9682,-0.5651,2.9485,-0.2227,1.1194,0.2702
Cancer,-0.3575,-0.0325,-1.5588,1.112,1.682,0.4211,-0.1998,0.4322,1.0101,2.3537,-2.972,-2.4512,-0.367,-1.0074,0.137,0.6645,-0.9642,0.1494,1.5372,0.276
Cancer,-1.2336,-0.8158,-0.5275,-0.0908,2.0678,1.1016,0.0849,-2.4634,2.5589,4.1189,4.6098,0.7298,-0.8888,0.5593,-3.2713,-1.1042,-1.9258,-0.0629,1.4526,-0.412
Cancer,-1.9178,-2.659,0.5412,0.012,2.0062,0.5216,-0.0176,-0.2628,0.895,2.579,4.2083,-0.2392,-2.2122,-0.1196,-1.552,-0.6926,-2.559,0.6626,0.7873,-0.1832
Cancer,-1.4601,0.437,0.6088,0.5025,1.0719,0.5701,0.1906,-1.246,-0.7102,4.6839,-1.5904,-1.4852,-0.673,0.2233,0.9029,0.6464,1.1192,1.3992,0.4622,0.8463
Cancer,-1.4118,-1.115,0.03,0.259,0.395,0.9418,0.1804,-0.8734,-0.5008,2.1289,2.8729,3.5348,-2.2582,-0.4892,-2.2625,-0.6549,-4.074,0.7592,1.4287,0.354
Cancer,-0.5929,-0.7108,-1.304,0.4878,1.12,0.8588,-0.8964,-0.9494,1.45,2.7192,4.7533,2.5673,-1.167,0.9113,-2.6253,-1.838,-1.0385,0.5218,1.6149,0.0875
Cancer,-1.2868,-0.9695,-0.657,0.0842,1.9108,0.6069,0.3715,-2.022,3.0572,2.1463,4.4125,-2.6413,-2.4022,-0.3184,-2.6638,-1.415,-1.3652,0.6221,0.2118,-0.6748
Cancer,0.2169,-0.6318,0.3088,-0.0028,1.9483,0.7869,-0.0381,-0.0748,-1.4376,2.665,1.894,2.7705,-0.7322,0.2977,-3.1955,-1.3861,-2.0775,0.2265,1.2838,-0.6502
Cancer,-1.4265,-1.62,-0.5602,0.343,1.7478,0.4581,-0.9049,-1.8814,2.4038,2.283,4.4793,2.8623,-2.2407,0.1832,-2.5565,-1.7943,-2.964,1.3497,0.8936,-0.6262
Cancer,-1.7862,-0.0405,-1.7398,-0.862,2.4701,0.3545,1.536,-3.0586,-0.3684,2.0488,1.0574,-0.0272,-0.4722,-0.0703,-2.7194,0.1818,3.152,0.1498,0.6484,0.1735
Cancer,-0.5945,-1.0085,0.6567,0.4332,1.889,1.1774,0.3445,-2.0755,-0.7339,1.8432,4.0378,3.618,-1.0975,-0.0678,-2.145,-1.7291,-0.7278,1.0223,1.1448,0.1007
Cancer,-1.0419,-0.7068,-0.063,-0.2765,0.8064,1.6594,-0.3786,-1.5237,0.687,1.9492,4.2482,-0.799,-1.926,0.0933,-2.7518,-1.2543,-0.0173,1.1996,1.2662,0.6238
Cancer,-0.6512,-1.2412,-1.3473,0.2825,1.7702,0.5451,-0.8066,-1.7749,2.388,3.691,3.6665,1.5905,-1.565,0.7078,-2.0179,-1.0583,-0.0945,1.1255,1.494,-0.325
Cancer,-1.311,-1.8538,0.2955,-1.5552,2.0429,1.1336,-0.3124,-2.7482,-1.6385,2.717,5.339,2.8582,-2.9205,-0.8165,-3.2609,-1.3628,-1.6708,0.6431,1.7364,-0.1177
Cancer,-1.6232,-3.2612,-0.375,0.5032,2.9964,0.7102,0.0269,-1.4871,0.9359,3.4646,3.5444,-0.3513,-1.9888,0.2238,-1.4864,-1.1206,-1.6728,2.1454,1.4138,-0.4088
Cancer,-0.9192,-1.3298,-0.0273,0.4752,2.1334,0.519,-0.5339,-1.2971,0.0065,2.0615,4.484,4.5582,-2.2382,0.0881,-2.4031,-1.0296,-4.5735,0.3585,1.2082,-0.3342
Cancer,-1.627,-0.5225,0.2943,1.3805,2.4352,0.6748,-0.2935,-0.5565,1.0682,1.4445,4.634,4.036,-1.5872,0.5275,-2.603,-1.2098,-3.886,-0.1039,0.6834,-1.0213
Cancer,-2.448,-0.7885,0.161,0.2535,2.6988,1.0674,0.1784,-1.8433,0.3584,1.5086,1.9051,-2.1372,-1.846,0.4621,-1.8287,-1.3701,-1.985,1.1146,0.379,-0.1058
Cancer,-0.6693,-0.2615,0.3998,-0.3662,2.958,-0.2087,-0.1432,-1.3127,1.0493,2.8009,4.7864,2.9785,-1.7425,0.0508,-3.0177,-1.5477,-0.6402,0.1676,1.108,-0.7592
Cancer,0.4079,-1.3765,0.1383,-0.4538,1.4569,1.4034,1.0095,-3.2882,-0.2925,4.2009,-0.0699,-3.0985,-1.417,-0.4061,-3.0957,-0.7374,-5.1085,0.0214,1.9502,0.3235
Cancer,-1.2892,0.4475,-0.134,-0.3828,2.2887,0.7666,0.3028,-2.0247,0.7149,5.7559,3.0412,-2.9043,-0.4445,1.0499,-3.3683,-1.0254,0.9098,-0.3979,0.0705,-0.0545
Cancer,-1.8913,-0.9495,-0.5248,0.8182,1.8993,-0.1094,-0.5505,-0.8023,0.694,1.9425,5.2443,-1.3168,-2.0535,-0.0188,-3.2329,-2.4534,-5.4108,0.2767,-0.2188,-0.348
Cancer,-0.8263,-1.9238,-1.981,0.1435,1.6967,-1.3381,-0.8549,-1.4484,0.7555,2.2861,4.7839,1.3872,-1.329,0.1274,-2.9901,-1.5817,-3.425,0.3566,0.4445,-0.3442
Cancer,-1.2605,-0.8335,0.6242,-0.1562,2.3087,1.2891,0.5409,-1.2687,1.0772,1.5954,4.3942,1.3118,-0.9018,0.1269,-3.0233,-0.5597,-2.4285,0.8287,0.684,-0.2998
Cancer,-1.7433,-2.5405,-1.3652,0.2505,0.9646,0.6749,-0.0841,0.3024,0.8688,1.1582,4.7877,2.8742,-0.891,-0.24,-2.977,-0.6776,-1.9,0.1772,0.6838,0.011
Cancer,-0.7655,-1.288,-0.8412,-0.1075,2.8125,1.1384,-0.3545,-2.1719,0.5287,3.188,3.2607,-2.1303,-2.3408,-0.1174,-2.4749,-0.8217,1.358,0.8265,1.379,0.0527
Cancer,-1.2324,-1.0058,0.3125,-0.0052,-2.8389,-0.4997,-0.1094,-2.1963,0.5211,2.337,3.839,4.0585,-1.7835,-0.0019,-2.7246,-1.4539,-4.2285,0.0536,1.3429,0.3642
Cancer,-1.2893,-1.712,-0.3438,0.1648,-1.8328,0.5706,-0.6726,-2.0731,-0.2528,2.0234,3.7472,3.7065,-1.899,0.1882,-2.6856,-1.3593,-4.9702,1.6133,0.9414,-0.0985
Cancer,-1.137,-3.042,1.0128,-0.6792,-4.1425,0.4819,0.5541,-1.9691,-2.2114,2.5538,3.3994,-1.5818,0.73,-0.5666,-2.6141,-0.8236,-1.4075,0.5372,0.6857,-0.6565
Cancer,-1.2462,-0.437,0.1358,-0.4368,-3.3035,-0.0159,0.8542,-1.2801,-0.2408,1.9429,-2.1058,-2.3648,-0.2898,0.9845,-1.3575,-0.2907,-0.0135,0.752,0.7516,0.3053
Cancer,-1.8072,-1.3447,0.7452,0.0295,-0.0642,-0.3697,0.2644,-1.0723,-3.1596,2.6879,4.0073,-3.5037,-1.968,-1.1298,-2.2907,-0.0567,-5.2398,2.1896,1.8511,0.8423
Cancer,-0.9669,-0.677,0.0048,0.054,-3.1151,0.8906,0.0891,-2.1436,1.1456,2.1168,4.9264,0.7578,-2.14,-0.3669,-2.1696,-2.0237,-3.9175,1.2596,1.2849,0.9083
Cancer,-1.6842,-1.4958,-1.1985,0.075,1.4562,-0.7731,-0.5851,-1.1196,0.3218,2.3105,4.8712,2.9187,-2.3785,0.787,-2.5923,-0.9892,-4.9825,0.7732,0.8694,0.1447
Cancer,-1.3602,-0.7615,-0.6167,0.211,-0.1828,0.8431,-0.3038,-2.1518,1.0283,2.2582,3.3796,1.936,-1.5552,0.2108,0.289,-1.7404,-5.0965,0.0071,0.7904,0.3185
Cancer,-1.6731,-1.9862,-0.5355,0.0712,-0.1858,0.9735,0.0775,-2.5637,1.7203,3.4992,2.5249,-0.2797,-2.8868,0.2907,-1.558,-1.6086,-1.0258,0.5592,1.4928,0.3438
Cancer,-1.9481,-1.6612,-0.5498,-0.0175,0.6317,0.6451,-0.8032,-3.0026,-0.6462,4.496,-1.3998,-2.104,-2.2628,0.3056,-1.2928,-1.7985,-0.6335,0.9559,0.3452,0.79
Cancer,-1.4456,-1.237,-0.3175,0.1282,-2.6028,0.7701,-0.3439,-0.8069,2.9781,2.7034,4.6287,2.1778,-1.5602,0.6259,-2.9295,-1.3087,-2.5402,0.008,1.3686,-0.5235
Cancer,-0.5296,-1.4772,-0.3127,0.72,-2.5858,0.4459,-1.0598,-0.7989,-0.0427,2.9336,5.2796,1.8777,-1.893,0.7146,-2.2922,-1.4761,-2.6408,-0.5278,0.9732,-0.9222
Cancer,-1.4998,-1.8082,-0.7302,-0.2422,1.1642,0.6369,0.3594,-2.4098,1.7913,2.6279,4.8769,3.0773,-2.793,1.7334,-2.8446,-0.5924,-4.587,0.4924,1.6234,0.0523
Cancer,-1.2055,-1.4122,-0.5653,0.0915,0.9767,0.7296,-0.5222,-0.8444,0.8873,2.1134,4.0221,2.5563,-2.5622,1.1682,-1.5789,-1.2393,1.3502,0.7383,1.1657,-0.2225
Cancer,-1.1278,-0.5695,0.5637,0.367,-2.8957,-0.0689,-0.3946,1.0655,3.0392,1.7361,4.526,3.7192,-1.7048,-0.3701,-3.5473,-0.7404,-3.3042,0.4518,2.0325,-0.6515
Cancer,-0.8414,-0.3368,0.438,0.4445,3.6044,0.9809,0.6338,-1.1336,0.544,2.9339,3.2821,-2.0915,-1.5815,-0.2741,-1.2952,0.1221,-2.5618,1.6848,0.6428,-0.2743
Cancer,-1.8391,-1.1285,-0.0733,-0.6862,1.5599,0.6688,0.8605,-0.5372,0.2142,2.0296,4.5748,4.2573,-1.7452,-0.755,-2.7704,-0.6873,-0.7415,0.6928,1.1262,1.2047
Cancer,-1.256,-0.0615,0.0037,1.1588,1.2728,1.4944,-0.5329,-1.0392,0.7764,2.5701,4.7767,3.4305,-1.5635,0.867,-2.1826,-1.2863,-0.5688,0.2611,1.0644,-0.1303
Cancer,-2.0202,-1.3155,0.1422,0.2922,2.8662,1.1711,0.146,-0.3647,0.1839,1.0395,2.6722,0.164,-2.0085,0.4451,-1.2419,-1.4478,0.25,1.1056,0.9358,-0.629
Cancer,0.4524,0.0052,0.2785,0.2862,3.0015,0.6096,-0.2769,-0.5551,-0.2637,5.0176,-0.1134,-2.4695,-0.1825,0.31,0.1787,-0.2528,-1.6102,0.7629,0.5756,-0.1478
Cancer,-0.4617,-4.2575,0.0282,0.763,1.6173,-2.3984,-0.7745,-2.1034,-3.5123,1.5299,-4.1102,-3.7756,0.8018,-0.1304,-0.5691,-0.9799,0.4282,-0.0728,0.6984,-0.5445
Cancer,-0.4412,-0.4828,-1.321,0.2582,2.1448,0.4876,-0.3784,-0.9266,0.7012,1.9508,3.9162,4.1615,-1.194,0.7501,-2.7068,0.5189,-1.1162,-0.4709,0.6746,-0.0193
Cancer,-0.3644,-0.1158,1.2652,-0.3478,2.7912,0.1514,1.8646,-0.3506,0.199,3.2108,3.8601,-2.5158,-0.9815,-1.5238,-0.9575,-0.6048,-3.0948,-0.4582,0.6311,-0.6162
Cancer,-1.3547,0.3672,-0.4168,0.522,2.6181,0.7901,0.4178,-1.5294,-0.2301,0.7596,-3.0162,-2.0323,0.0867,1.1488,0.2792,1.8349,0.621,-1.236,0.5729,-0.2397
Cancer,-1.4189,0.0425,-0.5353,-0.0525,2.0433,-0.3054,-0.3759,-2.46,-0.0402,0.8801,4.6008,-1.673,-1.3722,-0.1908,-1.539,-0.7202,1.33,0.9308,0.547,0.0157
Cancer,-1.6322,1.6162,-1.9138,0.0558,1.0044,-2.3232,0.0612,-0.1319,0.4539,0.7059,-2.3211,-2.3862,0.0865,-0.6637,-0.545,-0.818,-4.204,0.2046,0.3135,0.2162
Cancer,-2.2785,-1.776,-0.0508,-0.0195,1.545,0.6904,1.5061,-1.2478,0.2897,1.941,2.422,-2.501,-2.0978,-0.1979,-0.844,0.6258,-1.7895,0.3385,1.2658,-0.8925
Cancer,-3.0265,1.7418,-2.4182,0.5022,1.1202,-1.7047,-0.2615,0.2816,0.5726,0.3969,-3.7184,-3.1157,-0.8128,0.4453,0.2607,0.2187,3.167,-2.4808,0.8201,-0.4517
Cancer,-2.6847,0.3858,-1.6753,0.2178,2.6418,1.0734,-1.1067,-0.703,0.1515,1.154,4.3048,-1.1325,-1.2075,-0.8855,-2.2699,-0.2893,-3.058,0.9441,0.4189,-0.1962
Cancer,-1.4676,-0.4975,-0.5383,0.4972,2.4198,1.1706,-0.6489,-2.4459,0.5598,1.3904,3.0177,1.0112,-1.1098,0.4047,-2.1374,-1.4852,-0.8478,0.4882,0.361,0.3828
Cancer,-0.5483,-1.29,-1.8622,0.374,2.4704,2.1842,-0.2568,1.3375,-1.4368,1.1735,-4.1302,-3.1168,-0.5888,-0.7133,0.8729,0.4064,0.0728,3.6779,2.2397,-0.612
Cancer,-1.0945,-0.366,0.2272,-0.304,2.9556,1.0426,-0.7681,-1.6098,0.8383,1.5244,5.1873,3.8562,-1.2332,0.5746,-2.6308,-0.3666,-4.1242,-0.2582,0.5982,0.0252
Cancer,-2.9321,-0.492,-1.9875,0.4752,2.3608,0.1301,0.2274,-1.1476,-0.9613,1.2956,-3.5774,0.9033,-1.229,-0.2297,1.0373,1.2662,-4.3845,-0.4473,-1.5651,-0.4465
Cancer,-1.8442,-0.527,-0.5917,0.0638,-3.3791,1.3174,-1.1629,-2.0956,-0.1124,1.4926,2.9808,0.0705,-2.3162,0.5998,-0.7695,-1.0807,-0.2517,1.1112,0.7828,0.8078
Cancer,-1.9696,-1.9675,-0.768,0.4178,0.6982,1.0136,-1.0384,-2.1485,2.1968,2.0488,4.643,-0.4697,-3.0238,0.3442,-0.6052,-1.4976,-3.691,0.4477,0.5931,-0.2165
Cancer,-1.4834,1.401,-0.8,-0.416,3.4846,0.3434,0.1306,-1.4702,0.4159,6.2755,2.8794,1.2077,-2.0392,0.792,-2.7876,0.426,-2.751,0.0012,0.6791,-0.6137
Cancer,-1.6242,-0.577,0.1027,-0.1355,3.2265,0.5514,0.9478,-2.8635,-0.4851,5.3892,-1.2146,-1.5028,-1.2082,0.3743,-0.4215,-0.05,-2.852,0.5376,0.1162,-1.1217
Cancer,-1.9449,-1.037,-0.0872,0.2195,2.4425,0.8496,0.092,-2.0145,1.1937,1.0115,4.3,0.835,-2.463,0.0124,-1.7357,-1.78,-4.3765,0.2329,0.1116,-0.8055
Cancer,-2.3001,-1.222,-0.2492,1.129,1.5435,0.4466,-1.5654,-0.3542,-1.8678,1.6436,-0.4478,-1.1663,-1.3872,0.4161,-0.2845,-0.0018,-0.9222,0.5101,0.6521,-0.4357
Cancer,-1.4218,-0.5908,0.3833,0.4075,2.9698,0.3394,-0.8565,-0.2998,0.0574,1.5144,4.0154,3.9532,-1.1553,0.1879,-2.4857,-0.7167,-1.637,0.8836,0.1954,-0.0688
Cancer,-1.8589,-0.2028,-0.7975,0.326,3.6892,0.5298,-0.29,-1.7959,-0.219,3.2824,3.6979,-2.0632,-3.021,-0.373,-2.2966,-0.2737,-2.494,0.98,0.4232,-0.3267
Cancer,-0.8018,0.1013,-1.904,-0.2028,1.8188,1.1358,0.0779,-1.3156,-0.7888,1.5934,-4.1725,-3.8073,-4.0595,-0.2356,1.4271,-0.2746,2.9508,-1.6589,0.7668,-0.7373
Cancer,-1.1262,-1.71,-0.8047,1.056,1.5898,0.9641,-0.056,-0.6799,0.9146,2.5141,4.2108,1.422,-1.8408,0.3607,-1.0377,-1.7481,-5.4168,1.4596,1.0505,0.8022
Cancer,-1.5318,-1.74,-0.4058,0.3655,0.5866,1.2322,-0.4185,-1.2124,0.5124,1.0979,1.924,4.3612,-2.333,-0.5368,-1.0177,0.4037,0.3938,1.4791,1.1347,-0.2942
Cancer,-1.2906,-1.2998,-0.8785,0.425,1.4563,1.6108,0.3175,-1.9739,0.8063,2.6174,4.2218,3.4132,-2.3088,0.1753,-1.1059,-0.557,-3.063,1.0801,1.5494,-0.36
Cancer,-1.4888,-0.933,-0.807,-0.3105,2.0617,0.2948,-0.3384,-2.9437,0.875,2.1874,5.569,2.9463,-2.6383,0.7874,-2.9067,-0.3995,-0.3938,0.3898,1.2548,0.2927
Cancer,-1.1525,-0.1588,-0.514,-0.28,1.3842,0.6901,-0.1594,-2.7502,1.4798,1.2949,5.1906,0.3608,-0.8612,0.5297,-2.07,-0.9118,0.3642,0.5429,0.1619,0.8945
Cancer,-1.4253,-1.3948,-0.2692,0.1868,1.5197,0.7527,-0.5592,-3.1147,-0.3247,2.163,4.0479,4.3235,-2.9125,6.939e-18,-1.8468,-1.1243,1.9665,1.2486,0.931,0.2185
Cancer,-1.9299,-2.2607,-0.5493,1.2855,2.9798,0.9165,0.0919,-1.1096,0.4573,1.8468,5.6708,-0.7443,-2.6647,-0.1549,-2.2426,0.2098,-4.715,1.0892,0.2022,-0.1873
Cancer,-3.3468,0.519,-1.137,0.188,0.4392,0.255,-0.2252,-1.0697,-2.0079,1.2829,0.1144,-2.491,-0.6682,0.2318,0.9016,1.0262,-0.563,3.0293,1.4911,0.1853
Cancer,-1.342,-1.1915,-0.3615,0.448,2.1609,0.754,-0.0655,-0.0802,1.1559,1.6576,4.5937,0.3298,-2.1535,-0.4272,-1.412,-1.4302,-3.8248,-0.1006,0.9535,-0.2925
Cancer,-1.1879,-1.3038,-1.1053,0.373,1.6877,1.5347,-0.0959,-1.6459,1.0907,1.4781,2.1843,1.3978,-1.5735,-0.2477,-1.1061,-1.0281,-1.099,0.8413,1.5831,0.6972
Cancer,-1.2612,-0.5215,-0.9922,0.1932,2.4203,1.1421,1.0154,-1.3123,0.6756,2.6936,2.3096,-0.2658,-0.1605,0.3711,-1.9065,-1.3976,-3.426,0.7498,0.2469,-0.4757
Cancer,-1.5277,-0.4615,-1.3695,0.031,3.2672,0.3437,0.8225,-1.1153,0.2058,2.7175,1.6169,0.9065,-1.0515,0.3522,-1.9006,-1.3109,0.2235,0.1852,0.9404,0.8638
Cancer,-0.5627,0.2758,-1.0698,-0.5472,2.7628,-0.4049,-0.194,-2.4379,-0.1009,2.5641,2.2985,-1.1334,-1.6295,0.9708,-1.2847,0.9989,-2.2852,0.4716,0.9059,-0.2507
Cancer,-0.8677,-1.3922,0.351,0.9638,1.7902,0.1814,-0.1369,-0.4492,0.2739,2.054,4.2379,1.6768,-0.4805,-0.5622,-3.4902,-1.0926,-3.444,-0.686,1.0038,-0.2513
Cancer,-0.5952,-1.0088,0.6982,-0.2612,1.9561,0.1538,0.0968,-0.5839,2.0081,2.4351,4.4049,1.9588,-1.7862,-0.795,-2.9952,-0.8996,-4.3888,0.1899,0.8364,-0.2515
Cancer,-0.7691,-0.3605,-0.5092,-0.1038,2.0545,0.9012,0.1,0.2452,1.3522,0.6328,3.8111,-0.65,0.7568,-0.4609,-1.5003,-0.7634,-4.9962,-0.2145,0.6331,0.3233
Cancer,-1.0461,-0.7215,-1.2298,-0.0132,3.2371,-0.2551,-1.1754,-1.0313,0.9844,2.0957,2.38,-0.3833,-1.4585,-0.3602,-1.4957,-0.0937,-4.7952,-0.1964,0.3871,-0.3307
Cancer,-1.8136,-1.497,-0.5405,0.2342,1.8745,1.453,-0.093,-0.9813,-1.3104,1.753,-1.6002,-2.0295,-2.6682,-0.3975,0.639,-1.2684,-3.1197,0.1732,1.3024,0.3655
Cancer,-2.6171,-1.92,0.8595,0.472,3.0532,0.8516,1.2098,-0.7662,0.9477,1.494,2.5942,2.716,-0.5285,0.7871,-2.3282,-0.1762,-4.9168,-0.5602,0.8092,-0.5505
Cancer,-3.1098,0.551,-0.1088,-0.5548,2.4233,-1.6156,0.1034,-1.1602,-0.4968,2.4234,-1.7452,-2.6445,-0.0395,0.2173,1.2607,1.0373,0.8085,0.7232,0.4592,1.2025
Cancer,-1.2351,-0.9625,-0.611,0.46,2.3906,0.5457,-0.259,-1.6934,3.7612,1.4708,4.8602,1.4857,-0.7465,-0.7619,-3.8957,-1.7112,-4.9725,-0.1797,-0.419,0.142
Cancer,-2.7921,-0.428,0.1255,0.2545,1.784,0.9111,-0.509,-0.5309,0.0758,1.4684,-3.1701,-2.7972,-0.941,0.0195,0.5483,0.2215,-1.0572,0.9542,0.7296,0.253
Cancer,-2.0509,-1.779,-0.166,0.1405,2.5588,1.1336,-0.1162,-3.0999,-0.3653,2.1197,3.4972,-2.6017,-1.6862,0.101,-1.2957,-1.4983,-4.8178,1.0132,0.4589,-0.47
Cancer,-0.4867,-0.6345,-2.1132,0.4418,1.8182,-0.9659,-1.2596,0.0094,-0.5146,1.4189,-1.2127,-2.7688,-0.7408,-1.0761,-0.1038,0.3249,1.1642,0.129,1.2108,-0.1007
Cancer,-0.4471,-0.3688,0.3025,0.0988,1.9962,0.0084,-0.3661,-0.0088,-1.0995,2.3918,4.9887,0.5685,-0.5215,0.1572,-2.3661,-1.6995,-4.1028,-0.4343,0.5198,-0.2715
Cancer,-1.5614,-1.3108,-0.0683,-0.9708,-2.8684,1.0359,-0.5526,-2.5181,0.0922,2.7473,4.3991,2.8862,-2.5445,-0.4649,-2.3988,-1.4526,-1.8488,0.7784,1.3218,0.5338
Cancer,-1.0741,0.025,-1.5983,-0.505,-1.6563,0.9338,-1.1838,-1.7113,-1.7577,1.8835,3.1524,1.0563,-1.0375,0.5774,-0.9452,-1.5408,-3.9458,0.4274,0.1383,-0.2105
Cancer,-1.6852,-1.4,-0.0883,-0.2425,2.2293,0.7295,0.8959,-2.2844,0.035,2.084,3.0568,-0.0315,-2.1718,0.1511,-1.197,-1.5189,-4.5292,1.5812,0.9381,-0.3342
Cancer,-2.7845,-0.8835,-1.213,-0.1845,0.6872,0.2611,-0.2394,-0.4416,-0.0828,1.6625,2.4801,0.29,-1.7852,-0.8281,-0.7766,0.0468,-2.7995,-1.2476,0.1641,-0.2915
Cancer,-1.5448,-0.0548,-0.3325,0.782,0.2844,0.5451,-0.7145,-1.5884,-0.8158,0.4021,2.5715,-0.0257,-1.322,0.2805,-2.346,-1.4125,-4.3358,-1.1708,0.9202,1.742
Cancer,-1.5695,1.0572,0.789,0.2555,1.2261,-1.6608,1.1254,-0.7932,1.2519,1.4982,3.4116,2.189,-1.3355,0.7375,-2.5906,-0.7773,-2.2238,-0.0878,0.5657,0.2745
Cancer,-0.9247,-0.535,-0.1442,-0.0895,2.6912,1.1375,-0.3048,-1.5436,-0.5626,4.6195,-1.7225,-1.9815,-2.922,-0.5698,-2.1152,-0.2604,2.5922,1.4651,1.7981,0.6352
Cancer,-2.0718,-2.2185,-0.1083,0.196,1.8262,1.6069,0.0366,-2.0601,-0.1372,1.9501,3.7313,1.621,-3.3218,0.3218,-1.2547,-0.8392,-3.8772,1.2096,1.2852,0.346
Cancer,-2.5603,-1.882,-0.7937,0.8372,2.5002,1.1591,-0.627,-1.4678,1.4901,1.8368,3.6963,-1.2058,-3.5822,0.3571,-0.9597,-0.5071,-5.661,0.8393,0.3703,0.3365
Cancer,-1.1569,-2.0785,-1.388,0.1578,2.3368,1.2181,-1.6155,-0.1356,0.2535,2.1431,4.7722,-1.2748,-1.3682,-0.6873,-1.3584,-2.0943,-4.3048,1.212,-0.4819,0.3497
Cancer,-0.975,-1.235,-0.3288,0.117,-1.4878,1.7221,-0.2049,-1.9726,0.2413,1.6318,4.3685,2.38,-1.4855,0.033,-0.3662,-1.8298,-4.9282,0.9892,1.0418,0.3837
Cancer,-2.0527,-1.3102,-0.9327,-0.9242,2.5908,-0.2612,-0.6742,-0.7857,-2.2244,4.4746,-3.8286,-2.4893,-1.098,-0.7232,1.1217,1.3818,-3.913,-0.7109,-0.3543,-0.4403
Cancer,-1.7806,-0.2995,-0.0618,0.6432,2.6287,0.9954,0.7346,-2.1199,0.5834,4.1755,2.0462,-0.4847,0.0728,0.1849,-2.4919,-1.5096,0.4305,1.5505,1.0369,-0.0808
Cancer,-0.3058,-0.251,-2.2635,1.4173,1.2111,-1.535,-0.087,-0.5192,-3.584,2.0794,-4.5636,-2.2812,-0.7452,0.1385,0.8136,0.2406,-0.916,-0.039,1.8965,-0.154
Cancer,-1.1721,-1.199,-1.0683,-0.776,1.8917,0.5873,-0.0465,-2.9423,0.6973,2.9859,5.2411,4.9577,-2.2272,-0.5192,-3.6544,0.2808,-5.4555,-1.1185,1.3099,0.8842
Cancer,-1.1461,-1.9492,-1.2632,-0.0242,2.3679,0.3512,-0.6084,-2.0093,1.8246,2.7108,2.0705,-0.8865,-1.4162,0.356,-2.5048,-1.2708,-4.8335,0.788,0.9178,-0.2535
Cancer,-0.9162,-0.1735,-0.8955,0.1305,1.1799,-0.3519,-0.4462,-1.4695,-0.8681,1.4495,0.1615,-2.4258,-0.4428,-0.3564,-0.2578,-0.7255,-4.2725,0.0333,1.7161,2.5153
Cancer,-3.1323,0.3188,0.4187,0.9148,1.307,-0.2855,-0.8389,-0.8519,-0.8162,1.3216,-1.2559,-1.98,-0.1142,0.3782,0.0923,0.8467,1.6125,0.3113,1.2152,0.9458
Cancer,-1.6738,-1.4278,1.3085,0.1762,2.2638,1.6756,0.1055,-0.8612,0.7368,2.2174,3.1192,3.8942,-2.1832,-0.177,-0.9334,-1.1667,-3.661,0.0278,1.2777,0.5387
Cancer,-0.5729,-1.371,-0.8775,-0.2527,2.341,1.0232,-0.7002,-1.2881,0.5973,1.5418,6.1108,3.8752,-2.1343,-0.5734,-3.2203,-0.4317,-5.5782,-0.5307,1.2638,-0.4787
Cancer,-2.535,-1.6402,-0.125,0.0475,1.5177,0.6915,0.2466,-0.2775,1.1427,3.4635,2.6778,0.2843,-2.7075,-0.3193,-1.5676,-0.2766,-2.7948,0.8686,0.6331,-0.0235
Cancer,-1.5658,-1.0695,-1.3757,0.011,3.1111,0.2271,0.3695,-0.9545,-0.6163,6.018,-1.0685,-1.8635,-2.0053,-1.4301,0.1276,-0.4434,1.615,0.8167,0.6195,1.06
Cancer,-0.62,-0.726,-0.5393,-0.253,-0.331,0.8807,-0.9744,-0.3271,2.2266,2.201,2.7076,1.2587,-1.0522,0.9821,-0.2393,-1.8463,-5.599,0.6172,1.5011,0.3695
Cancer,-0.4532,1.2588,-1.1323,-0.0718,1.6046,-0.0599,-0.1866,-0.0911,0.7582,2.5756,-4.0267,-2.6147,-1.0718,1.1868,0.0645,-0.1839,-0.7448,-1.3373,1.5172,-1.3342
Cancer,-1.3388,-2.3738,-0.3315,0.322,-3.1652,0.3369,-0.4634,-0.9758,-0.8498,2.9982,4.1593,0.4283,-2.542,-0.3379,-1.7879,-0.705,-3.1303,0.8214,1.2624,-0.3428
Cancer,-2.1214,-0.9168,-0.433,0.0792,3.1172,0.4383,0.4432,-0.7681,0.6421,1.9361,6.0011,-0.5662,-2.0955,-0.6321,-3.859,-0.8784,-4.2888,0.8976,1.0003,0.9138
Cancer,-0.9072,-1.233,0.2857,1.3395,3.0942,0.2975,0.6139,0.1112,2.0872,3.8505,5.5614,-2.527,-1.7742,0.0394,-3.0275,-0.1321,-1.9795,0.6202,0.4312,-0.606
Cancer,-2.9431,0.584,0.7677,0.3662,1.5324,-0.2246,-0.844,-0.3219,-1.4377,0.9285,-1.1863,-1.9873,-0.3622,0.4143,0.271,0.2914,-1.3685,1.2865,0.9436,0.6262
Cancer,-1.7696,-1.9808,-0.6337,-0.1208,2.3963,0.2009,0.3113,-1.7735,0.5298,2.5348,1.9283,-1.9607,-2.571,-0.2986,-0.9234,0.487,-2.3062,0.3953,1.3164,-0.9047
Cancer,-3.4962,-1.2442,0.1288,0.235,1.8704,0.7116,0.6061,-1.0484,-2.9809,1.12,-4.6472,-3.4172,-0.6538,-1.3474,0.3311,1.7258,-2.4522,1.5463,0.1722,-0.8873
Cancer,-0.9897,-0.1532,0.4385,-0.0017,2.909,0.6294,0.3068,-0.4323,0.564,4.9396,2.1517,-2.3695,-0.457,0.1001,-1.891,-1.7631,-2.091,-0.6147,0.2278,-0.0768
Cancer,-2.1772,-1.46,-0.9223,-0.161,3.0217,0.6482,-0.5092,-3.3853,-0.1282,2.3074,5.1847,3.5923,-3.807,-1.3079,-3.1873,-1.7038,-4.2565,-0.6559,0.4642,0.0472
Cancer,-2.6422,-0.2832,-0.9177,1.1553,2.9652,0.917,0.0246,-1.808,-2.4568,1.8736,-2.3791,-2.2902,-1.3832,-0.1247,0.4675,-1.7609,-2.272,0.7826,0.4915,0.303
Cancer,-1.5309,-0.331,0.317,0.382,1.9122,0.4057,-0.1045,-0.9601,-1.4448,1.2974,2.8762,-2.2753,-1.1358,0.064,-2.3616,-0.7963,2.4012,0.2527,0.7877,1.078
Cancer,-2.8362,0.7852,0.4523,-0.0142,1.2957,0.7199,-0.8799,0.8329,-2.1211,1.0958,-0.4063,-2.6572,-0.5552,0.2375,-0.1095,-1.7264,-3.0142,0.765,2.0479,0.0775
Cancer,-0.6915,-1.2488,-0.4472,0.4878,1.352,0.4492,-0.5893,-0.0211,2.3319,1.0354,5.921,2.2438,-0.925,-0.6842,-3.6353,-0.2094,-1.8695,0.4572,0.988,-0.0113
Cancer,-1.6952,-1.5405,-0.5583,-0.0675,3.2222,0.0637,0.0904,-0.0719,-0.5387,2.21,2.375,0.4342,-3.0825,-0.5017,-3.1153,-1.6187,-1.6388,-0.8822,1.0501,-0.2802
Cancer,-2.1381,-0.5212,-0.0992,0.0112,3.5247,1.5483,1.434,-3.1072,-0.3884,5.4055,-1.4892,-2.4498,-1.601,-0.3813,-0.8857,-1.6171,-0.386,0.4888,0.6597,0.7222
Cancer,-1.5049,0.427,0.2143,0.549,3.8916,1.4288,0.1703,-1.0711,1.0866,1.5901,4.3952,-2.3917,-0.087,-0.6352,-2.2141,-0.7378,-0.3682,-1.3642,-0.7762,-0.7288
Cancer,-0.2066,-0.944,0.1958,0.0368,2.8124,1.0321,1.4611,0.9492,2.2022,2.771,3.5585,1.9245,-0.8295,-0.2958,-2.9269,-0.8239,-3.2452,0.3464,1.0785,-0.3507
Cancer,-0.7684,0.0632,0.6447,-0.1202,0.3486,-0.6248,-0.7206,-0.2651,0.1706,1.5341,-3.2088,-2.5575,-2.2642,-1.2113,0.6481,-0.0175,0.1732,1.9668,1.5632,1.8458
Cancer,-0.0204,-0.2322,0.035,-0.1592,0.8797,0.4104,0.9158,-0.2956,2.1499,1.659,2.3329,-0.2028,-0.5215,-0.5195,-1.3657,-1.5712,-2.9775,-0.5764,0.1684,-0.0175
Cancer,-1.2312,0.2435,-2.0315,-0.1085,1.9182,1.2625,0.5514,-1.1574,2.2801,1.8232,4.9431,1.151,0.0335,0.2255,-2.8506,-0.4388,-0.7322,0.3533,1.0754,-0.3472
Cancer,-1.8316,-1.2388,0.3848,-0.0372,2.5285,0.5859,-0.3414,-0.4332,-0.2916,-0.3116,-1.5095,-2.525,-0.5903,-0.2438,3.8876,-0.0143,1.5082,-1.1285,0.8633,1.5235
Cancer,-0.9802,0.2152,-2.01,-0.4575,0.9628,-0.5922,-0.8391,-0.58,-1.0197,2.595,-4.6992,-2.7687,-1.2738,1.698,0.3788,0.3477,-1.592,1.2667,0.9249,-0.9085
Cancer,-0.974,-0.4862,1.4155,0.7522,2.0237,-0.7341,-0.6882,-0.289,-3.1615,1.2565,-0.2056,-3.3453,-0.1695,0.3503,0.2316,0.5097,-2.8445,-0.1972,1.8238,0.1675
Cancer,-1.2101,-0.7165,0.0967,0.176,1.6178,0.7036,-0.1905,-0.3884,0.5768,0.1034,-1.2221,-2.8637,-0.8868,-0.048,0.4489,-0.8081,-0.278,1.1144,0.9388,1.3545
Cancer,-1.128,-1.9512,-0.1082,0.1118,1.2472,1.03,-0.527,-0.9253,1.7808,1.8862,3.0673,1.2722,-3.2965,-0.0503,-1.0728,-1.7694,-5.5848,0.5498,0.8109,0.3027
Cancer,-2.5211,-1.8822,-0.2923,1.1188,1.2785,1.991,0.8384,-0.9377,0.5707,1.1879,3.0618,2.9542,-2.3065,0.0589,-0.9942,-1.8873,1.016,0.2244,0.6451,1.5672
Cancer,-2.3967,-1.9825,0.2063,-0.3992,0.5738,0.8387,0.7992,-0.6429,-0.4299,1.9768,2.8408,2.7273,-3.109,-0.3009,-0.9874,-2.0322,-4.6622,-0.3301,0.9681,-0.226
Cancer,-2.1526,-0.5148,-0.8512,0.4472,2.0481,1.2489,-0.4246,-1.0608,-1.0652,0.8651,-0.34,-1.156,-1.8368,-0.2148,-0.4847,-1.67,0.546,0.243,0.5453,0.5615
Cancer,-1.9937,-1.719,-1.0222,0.1822,1.0702,1.3443,-0.3968,-2.1158,1.5977,2.1739,3.641,-0.6487,-1.9045,-0.6914,-2.2373,-1.4744,-2.2258,1.018,0.9456,-0.119
Cancer,-1.2861,0.5202,-0.444,-0.027,0.1956,0.8896,0.0554,-0.7131,-1.0409,1.5627,-1.5663,-2.6538,-1.2425,0.4062,-1.009,-0.2957,1.2045,1.6128,0.8187,0.7738
Cancer,-1.2243,0.0272,-0.8395,0.317,0.3676,0.7651,-0.1096,-0.2049,0.4189,0.525,-0.6248,-2.8898,-1.3508,0.4042,1.0004,-1.2957,-1.5072,2.2937,0.5316,0.4153
Cancer,-1.426,-0.581,0.4147,-0.3525,1.8193,0.1578,1.5899,-2.1285,0.95,1.813,4.1523,2.9468,-1.6655,1.0784,-2.1846,0.5204,-1.6852,0.2507,1.6349,-1.1332
Cancer,-1.0852,-1.5975,-0.0945,-0.5578,-2.4262,1.4025,0.7549,-1.2236,-0.199,5.1424,1.4353,-2.1487,-1.543,-0.2017,-2.9841,-0.6361,-2.7958,-0.7532,1.2856,0.4152
Cancer,-1.5448,-2.0348,-0.8102,-0.153,2.7582,1.4142,-0.511,-0.3252,0.4352,1.698,2.9404,2.5938,-2.2235,-0.0605,-0.3498,-1.855,-3.8968,0.2212,0.1843,-0.5272
Cancer,-1.7168,-0.9292,0.59,0.8235,0.8411,1.0995,-0.8451,-0.1153,-1.7774,1.6174,3.2402,1.3513,-1.309,-0.7229,-2.2773,-1.6589,-1.2765,-0.8668,1.0931,1.6682
Cancer,-0.9781,-1.1055,0.6138,-0.003,3.2447,1.1264,0.2932,-1.5449,1.4965,2.3771,4.4828,2.0468,-2.866,-0.0102,-2.8457,-1.4438,-0.9838,-0.0477,1.0639,0.4253
Cancer,-2.1847,-1.2928,-0.6345,-0.3682,1.4196,0.799,-0.5804,-0.9444,-1.0618,3.5531,2.6397,1.9653,-1.8518,-0.4082,-1.9484,-1.7767,-5.7942,0.0328,0.3508,0.7605
Cancer,-1.0149,-1.3348,-2.1723,-0.1298,2.1366,-1.0313,0.3336,0.0095,-0.7232,0.7872,-0.9379,-2.8147,-0.834,0.1001,0.4426,-0.0523,3.2648,2.4466,0.3984,0.1973
Cancer,-1.0462,0.1842,-1.8695,0.2325,1.341,1.3306,-1.2002,-0.0782,1.2717,1.8335,1.4539,-2.6238,-1.5823,0.4796,2.0476,-0.3372,-3.3772,3.3553,0.7537,1.5003
Cancer,-1.1346,-0.3802,-0.9748,-0.2112,1.691,0.4696,-0.4248,-1.5678,0.2565,3.3016,2.6273,3.3712,-1.6835,0.5047,-1.93,-0.6396,-1.617,0.0672,1.1525,0.6958
Cancer,-3.3345,0.2575,-1.823,0.0452,0.7858,0.4307,-1.1455,-1.1062,-2.7078,0.7405,-3.5697,-3.9892,-1.4785,-0.1693,0.8169,-0.136,-1.1378,0.5846,0.0416,-0.8867
Cancer,-1.8811,-3.4362,-1.0545,0.8002,2.6603,-0.3627,0.0521,-1.5021,-0.4208,3.1959,2.5064,-2.4158,-3.6682,1.7988,-2.275,-1.7328,-5.1105,-0.0368,0.9166,-1.1088
Cancer,-1.2721,0.552,-0.466,0.7932,3.1928,1.5927,-1.3968,-2.9054,1.0265,5.6646,4.0347,-1.361,-2.1082,0.6604,-1.3985,-0.7938,-0.3928,-0.7008,0.209,-0.1952
Cancer,-1.0454,0.3342,-1.2312,0.5448,1.6312,1.2817,-1.016,-1.7069,1.3571,2.129,3.4913,4.6763,-1.467,1.146,-2.2199,-0.5589,-4.3048,-0.9019,1.0256,1.6873
Cancer,-1.2778,-1.6838,-0.7753,0.141,1.9756,-0.6196,-0.0196,-2.632,1.042,1.3111,4.6656,4.4785,-0.625,0.8773,-3.6867,-1.2033,-4.5527,-0.5383,0.6404,-0.3995
Cancer,-1.3443,-1.028,-0.1378,-0.2478,1.8429,1.8145,-0.6627,-2.3985,1.0228,2.3444,5.1817,3.0903,-2.6695,-0.1369,-3.1423,-1.1202,-4.776,-1.0022,0.3557,-0.1178
Cancer,-2.0415,-0.6158,-2.1598,0.5908,3.9147,0.9016,-1.9101,-1.8248,0.7755,1.329,2.0842,4.5117,-3.2882,-0.2619,-0.0093,-1.1256,-4.9818,-0.2914,0.0477,-0.2062
Cancer,0.5181,0.641,-0.5127,-0.2838,2.3478,0.6584,0.7252,-2.0957,0.5658,5.2374,3.3165,-0.0737,-1.019,-0.1852,-1.6611,-0.6677,-0.743,-0.5562,1.4609,-0.2802
Cancer,-2.6633,-1.872,-0.2655,0.5905,2.0951,0.83,-1.3034,-1.8933,-1.2122,1.7298,3.1568,1.9032,-4.21,0.1882,-0.4516,-1.5466,-4.6118,-0.4364,0.3903,0.939
Cancer,-2.3181,0.7145,0.1343,0.3965,0.9833,0.593,-0.8678,0.5997,-0.1436,0.9721,-0.3453,-1.178,0.4555,-0.1365,0.8562,-0.4707,-2.911,-2.0721,1.0842,1.361
Cancer,-0.8754,-0.578,0.7703,0.0812,3.0528,0.2889,1.279,-1.5393,-0.4232,2.5252,-2.1808,-2.051,-1.6072,0.2412,-0.5027,-0.1756,0.824,1.5783,0.5852,-1.072
Cancer,-0.7947,-0.8795,-0.7105,-0.2232,1.5384,1.3055,0.2488,-1.7818,1.6688,2.57,4.9882,-1.4058,-0.9565,-0.5432,-2.1707,-0.8378,-0.0535,0.4232,0.7748,-0.903
Cancer,-1.3212,-1.503,-1.7533,0.105,3.1207,0.5796,-0.4088,-1.7849,-0.6041,3.7601,3.7296,-2.1617,-1.6705,-0.5918,-1.6075,-0.2769,-4.0245,0.5108,1.4948,-0.1568
Cancer,-1.0212,-0.8898,-0.4863,0.273,3.4242,-0.0768,-0.804,-0.8289,1.1752,1.8328,5.3137,0.6865,-1.9485,0.7532,-2.45,-0.8128,-3.758,-1.2089,1.3421,-0.3382
Cancer,-1.3888,-1.029,-0.2408,-0.264,-1.336,0.7653,-0.5016,-2.4943,1.8587,2.5314,4.9665,2.062,-1.4688,0.4641,-1.5996,-1.3387,-2.3448,0.1866,0.8601,0.003
Cancer,-0.7325,-0.1688,-1.7455,0.0928,0.8564,0.2129,-1.3935,-0.1221,0.2045,1.2786,-3.6961,-2.7895,-0.5412,-0.2594,0.4611,0.4009,-3.4855,1.8149,0.224,0.3808
Cancer,-1.6748,-0.821,-0.7965,0.2532,1.8038,0.5974,-0.1635,-0.1592,0.5172,1.0044,-1.1217,-3.1272,-0.2452,0.502,0.7903,-0.3553,-1.5055,2.916,0.975,-0.1783
Cancer,-1.573,-2.5278,0.1787,0.906,3.1269,0.8196,0.5522,-0.8767,1.8404,2.6384,4.1541,2.6377,-1.3068,-0.2862,-2.6867,-0.7196,-0.7123,0.1203,1.4129,0.8937
Cancer,-1.783,0.5562,0.4357,0.5612,1.4186,0.908,1.0072,-2.1578,0.9074,4.0422,2.006,1.9955,-1.2918,-0.5692,-1.4041,0.1602,-0.317,0.9907,1.097,0.2815
Cancer,-1.3111,-0.8225,-0.23,-0.1407,2.1195,1.4792,0.2839,-1.7826,0.6074,1.8271,3.9104,4.017,-1.478,0.2712,-2.4365,-1.0031,0.2882,0.998,1.5641,0.4848
Cancer,-0.259,-0.113,-0.922,0.4528,2.2273,-0.5109,-0.4026,-1.3776,3.7254,2.8971,5.4846,-1.4372,-0.7742,0.1776,-3.9007,-0.5327,-5.2142,-0.4252,0.7381,-0.9102
Cancer,-1.1735,-0.3548,0.1688,0.6135,1.5553,0.6497,0.0318,-0.628,1.5143,1.0645,5.6509,3.1998,-1.4502,0.3081,-2.9529,-2.2285,-4.979,-0.0198,1.1874,-0.6088
Cancer,-2.1782,-2.1738,0.236,0.2838,-3.1058,1.0064,-0.1175,-1.4706,-0.0432,2.5919,3.5475,2.872,-4.1422,-0.0595,-2.5268,-1.796,-3.419,0.8425,1.5342,-0.1317
Cancer,-2.3051,-1.66,0.1327,-0.1332,3.2095,1.1429,1.2254,-2.1482,-0.2138,2.6398,4.7658,-0.3465,-3.952,0.1696,-2.1209,-1.9864,-5.3735,-0.0868,1.3647,-0.4725
Cancer,-1.7657,-2.2522,-0.1162,0.0642,1.3669,1.2144,-0.4145,-1.5325,-0.4188,2.6201,5.0702,1.352,-3.483,-0.6606,-2.1202,-1.0297,-3.513,0.5137,1.243,-0.2273
Cancer,-2.6003,-2.751,-0.2417,0.4588,2.3592,1.1381,-0.7932,-1.5239,-0.4532,1.9429,2.9959,2.6393,-3.9618,-0.1008,0.2332,-1.3311,-5.9785,-0.3427,0.6336,0.403
Cancer,-1.9555,0.5377,0.2315,1.2978,1.9418,0.2707,-0.2409,0.1536,1.2668,3.2882,-3.6078,-2.089,-1.0442,0.2698,-1.1969,0.2082,1.9215,0.5596,1.5617,1.7795
Cancer,-2.5042,-0.3008,0.524,0.62,1.2182,0.5452,-0.0932,-0.1417,-2.1047,1.1339,-1.8332,-1.1533,-0.3065,-0.1975,0.2006,-1.6397,-4.4505,2.6544,1.2201,1.5953
Cancer,-1.2706,-0.9918,-1.1822,0.011,1.2865,-0.2949,-0.0382,-0.5811,-1.7468,1.265,-0.5312,-0.6852,-0.443,-0.6259,-0.2635,0.0766,-3.5265,0.0398,0.6729,-0.3503
Cancer,-1.8339,-0.773,-0.2638,0.2685,-0.9195,0.887,-0.2425,-1.2738,0.8551,1.5234,4.5022,3.8268,-1.6822,-0.1598,-0.7432,-1.0547,-4.6722,-0.1526,0.6349,0.7698
Cancer,-1.384,-0.3412,0.1857,0.454,2.3581,0.6391,-0.448,-1.2449,1.0922,1.2208,4.4372,1.724,-2.401,1.0972,-1.954,-1.8014,-4.5002,0.6946,1.6105,0.224
Cancer,-0.7192,-0.0795,-0.2552,0.1028,2.5406,1.0745,0.1081,-2.1246,0.8494,1.9394,3.114,3.479,-2.583,-0.2587,-2.2828,-2.003,-0.6198,1.0615,1.4151,-0.1038
Cancer,0.005,-0.9008,-0.3745,0.069,2.7343,1.349,-0.1451,-1.6626,1.3792,1.6062,4.9255,0.9212,-0.7988,0.4605,-2.4136,-1.5336,-3.1332,1.0931,1.0479,-0.3923
Cancer,-1.1117,-1.6548,-0.4028,0.4408,2.1598,0.6024,-0.2426,-1.9473,1.5092,2.5624,4.709,0.7702,-1.5172,-0.3938,-2.483,-0.4956,-0.0242,0.9269,1.3936,-0.5925
Cancer,-1.0257,-1.0665,0.851,0.4538,1.5179,0.1225,-1.1513,-1.5924,-0.3341,1.4449,-2.741,-1.643,-1.6688,0.3127,0.6645,-1.2826,-3.804,2.9125,0.7388,-0.1793
Cancer,-1.5505,-0.8585,0.0357,0.505,2.3791,0.8981,-0.82,-1.1186,0.0671,2.3004,2.1067,1.7112,-2.3912,0.2307,-0.4381,-1.434,-2.113,0.2131,0.8669,0.2503
Cancer,-0.9933,-0.952,-1.2538,-1.013,1.6758,1.2153,0.4016,-3.2294,0.2808,2.4624,4.262,4.2435,-1.7015,0.7077,-2.3465,-0.3776,-2.6252,-0.0147,1.1093,1.4435
Cancer,-1.4007,-1.049,1.4848,-0.5425,1.13,0.4138,0.4956,0.1281,0.5818,2.6264,3.3098,3.1697,-2.3278,-0.3757,-2.7068,-1.3057,-2.3212,-0.1196,1.5155,-0.3615
Cancer,-0.3098,0.379,-1.9898,0.2768,0.8308,-0.8834,-0.7699,-1.2966,0.7985,1.0918,0.7505,-2.838,-0.098,1.287,-0.5458,-0.2528,-1.17,2.8007,1.1131,1.0358
Cancer,-1.2374,-1.9688,-0.6277,-0.174,2.0065,1.0015,0.1656,-0.7776,0.8563,1.8285,4.2547,2.2537,-3.4528,-0.1605,-1.0373,0.6834,-4.4495,-0.3488,1.2218,-1.1122
Cancer,-0.1032,-0.3312,0.1153,-0.7422,2.1475,1.2555,0.0256,-2.3274,0.0357,1.3275,4.7606,2.5138,-1.0548,-0.0705,-2.9804,-2.0332,-2.4547,-0.2704,0.7171,0.3462
Cancer,-1.5097,-1.3475,-0.8352,0.343,-1.7735,0.4524,-0.5804,-1.6166,0.1063,2.455,3.7495,-0.2,-2.4675,0.0808,-1.5155,-1.2569,-3.6975,0.0515,0.9122,0.1288
Cancer,-1.0685,-0.946,-0.9577,0.4058,2.2272,1.4229,-0.8602,-1.4516,0.5864,2.21,3.4255,2.096,-2.0755,0.0007,-1.7173,-2.7454,-3.769,0.3576,0.4297,0.2993
Cancer,-3.4103,-0.348,1.1102,0.4535,0.8412,0.9616,-0.1376,-0.9402,-1.2251,1.1791,-3.6088,-2.1327,0.06,0.4013,0.708,0.7105,1.8,1.6846,1.3619,-0.0148
Cancer,-2.3879,-1.0002,-0.1945,-0.415,2.6477,0.3789,0.1021,-2.8917,-2.4364,5.9089,-0.5986,-2.319,-0.8055,0.2243,-0.779,-0.5507,1.402,-0.3203,0.0766,0.017
Cancer,-1.7318,-0.873,-0.0955,0.065,1.3064,1.1945,0.1909,-1.3461,-0.533,1.1256,2.6898,2.2572,-1.5478,-0.2628,-1.592,-1.0253,-2.3875,0.8613,0.9326,-0.0463
Cancer,-1.4578,-2.3528,0.0358,0.2412,2.034,1.2039,1.2929,-2.4976,1.6453,2.3652,2.2847,-0.9948,-2.075,0.0548,-1.324,-1.2521,-0.122,1.2655,1.7942,-0.7597
Cancer,-2.5511,-1.468,0.808,0.0867,0.959,0.824,1.0095,-2.7354,0.8525,1.1056,2.8561,-1.245,-2.4062,0.2418,-1.8575,-1.6562,-3.5082,1.0219,0.8575,1.3868
Cancer,-1.3568,-1.3312,-0.4595,-0.0612,2.2632,0.7747,-0.021,-1.1199,1.7938,1.6292,4.2467,2.9875,-2.8098,0.9262,-1.9194,-1.4975,-2.291,0.4418,1.4732,0.1132
Cancer,-0.9555,-0.1642,0.6385,0.3302,0.918,-0.4852,-0.022,-1.4741,-0.6039,1.5511,-1.6309,-0.272,-0.2178,0.0247,0.4394,0.8947,0.5512,2.5852,1.4917,0.4217
Cancer,-0.423,-1.732,-0.5598,0.544,1.9598,0.9149,-0.4688,-0.8304,1.2691,3.3158,3.6543,1.4228,-1.622,0.5822,-1.6802,-0.822,-1.6705,0.7567,0.9795,0.6863
Cancer,-0.8446,-0.3648,-0.07,-0.2985,1.2635,1.2936,0.1126,-1.2184,-0.4444,2.0532,2.3596,0.2783,-1.225,-0.091,-1.759,-1.5462,-5.0285,0.4361,0.7991,-0.1008
Cancer,-2.5263,-0.7862,-0.5877,0.2468,2.8722,0.5991,0.5534,-0.9126,-0.0789,5.2446,-2.4088,-3.0158,-1.877,0.6336,-1.1832,-1.3622,-2.4568,0.2556,0.3491,0.3272
Cancer,-1.1966,-1.0602,0.6975,0.2505,1.6496,1.354,0.3509,-0.009,1.1994,2.0736,4.9462,-0.0708,-1.5935,0.09,-2.8724,-1.0571,-5.42,1.995,0.903,-0.7522
Cancer,-1.2476,-0.814,0.9677,-0.1992,0.2272,0.9074,-0.9018,0.1662,-0.9068,0.3655,-3.2398,-2.9442,-1.1215,0.7752,0.0549,-1.1765,-3.5605,1.1258,0.7442,0.031
Cancer,-2.179,-2.3835,-1.1188,-0.0018,0.8236,0.7905,-0.1761,-2.1916,-0.9956,2.781,3.5515,2.7808,-2.9752,-0.3765,-1.9791,-0.5657,-0.466,-0.0952,1,-0.6858
Cancer,-1.7852,-1.0898,-0.1927,0.212,1.6899,1.0883,-0.1599,-1.7689,1.9256,0.9636,4.5088,1.2327,-1.3245,0.6752,-1.6431,-1.5594,-3.8712,1.1502,0.7769,0.2137
Cancer,-0.9085,0.136,0.1605,0.0778,2.2302,1.3286,-0.2692,-1.4691,2.3178,1.608,2.8888,4.535,-0.5135,1.1452,-2.0248,-1.8732,0.1735,0.6625,1.2156,0.0135
Cancer,-2.2523,-1.172,0.3908,0.0308,0.9946,0.5054,1.1652,-0.7926,-0.0983,1.4891,1.2972,-0.2228,-1.437,-0.6927,-2.2821,-1.5644,-0.9535,-0.0088,1.1496,0.3487
Cancer,-1.3538,-0.5525,-1.5177,0.624,1.6854,0.7121,-0.4054,0.2906,0.3717,1.584,-2.7203,-2.9488,-0.5525,0.8763,-0.3007,-0.8456,1.1755,-0.6962,1.9062,0.7198
Cancer,-1.552,-1.9278,0.2657,-0.0785,2.8088,0.7826,-0.1525,-1.8398,0.5815,2.488,2.9033,2.7033,-2.4942,-0.0361,-1.1923,-1.4104,-4.2852,1.1854,1.3518,0.0973
Cancer,-1.3759,0.1205,0.004,1.0338,2.1345,0.26,-0.9104,-1.2699,-1.2915,1.1744,-1.8984,-1.7095,0.268,0.8118,0.1434,0.8215,3.3548,1.6092,0.7889,0.7267
Cancer,-1.8033,-1.912,-1.2823,0.209,1.9152,0.8649,-0.3642,-1.8047,-0.0418,2.9899,3.0188,-1.2018,-4.8108,1.5913,-0.5348,-0.2835,-4.899,0.9127,1.1993,0.4478
Cancer,-2.1666,-1.799,-0.3813,0.2345,1.8222,0.8029,-0.1551,1.2775,0.0002,1.9778,3.9058,1.8823,-3.9258,0.6544,0.0672,-0.0154,-3.3418,0.6191,1.7111,0.5348
Cancer,-2.6298,-1.0428,-0.8278,0.6848,2.1945,0.7635,-0.1916,-1.5322,-0.563,0.8026,4.239,-0.954,-2.4942,0.0127,-0.8364,-1.5909,-3.2388,1.5749,0.0946,-0.2932
Cancer,-1.8333,-1.3968,0.2507,0.1995,1.4522,0.9938,0.4474,-0.2566,0.1306,2.7638,2.9363,2.1587,-2.7518,-0.1651,-0.8211,-0.8831,-1.6988,0.9966,1.6961,0.3922
Cancer,-2.1149,-1.2552,-0.1353,1.2955,2.9867,1.3784,0.8156,-2.1339,-0.8143,1.2521,1.0548,-1.8515,-1.862,1.1922,-1.3606,-1.113,1.1752,1.505,1.2418,0.1248
Cancer,-1.8258,-0.8235,0.4467,0.2278,1.8926,0.543,0.3601,-1.883,0.0659,3.2308,3.3402,3.8803,-2.8038,0.184,-0.9478,-0.7096,-2.2645,0.2998,1.4341,2.0943
Cancer,-1.6791,-2.6045,0.2927,-0.1695,2.7606,1.1986,0.5941,-2.3142,0.6878,2.6982,5.0069,1.3147,-2.812,-0.1361,-2.9653,0.4026,-4.9515,0.0399,1.4388,-0.357
Cancer,-0.9249,-1.3702,0.1825,0.601,2.5849,1.1081,0.006,-1.2921,1.5142,1.7842,4.5025,2.6185,-1.98,0.1268,-2.5367,-1.1143,-4.6145,0.5508,1.4453,0.1772
Cancer,-1.2631,-0.9092,-0.717,0.3445,3.5538,-0.4497,-0.7859,-1.9652,-1.0818,1.6118,-0.699,-4.505,-2.6852,-1.2408,0.726,-1.5103,-2.6855,-1.0967,1.8572,0.9013
Cancer,-1.2449,-2.2362,-0.3875,-0.4012,2.5845,1.6358,1.2568,-2.3634,1.7414,2.3048,3.0287,-2.1902,-1.3872,-0.3619,-2.9554,-1.3738,1.2918,1.4182,1.0969,-0.0528
Cancer,-2.8057,0.8395,-1.108,0.3095,0.776,-0.5998,0.0381,-0.9446,0.1202,2.2722,3.9366,1.114,-0.5135,-0.1892,-3.7622,-1.3798,-3.0922,0.3119,1.269,0.7432
Cancer,-1.836,-1.12,0.7365,-0.0042,-2.4206,1.0774,0.1094,-0.1919,0.4057,1.9881,3.1354,2.7565,-1.2435,0.8437,-2.0035,-1.3313,0.2768,-0.2374,0.8432,0.4712
Cancer,-1.6398,-1.6065,-0.978,0.168,1.6221,1.858,0.3879,-1.0562,3.2054,1.9715,2.4012,-0.6957,-1.3008,-0.0585,0.1817,-0.6796,-3.8412,0.8489,0.8599,-0.0808
Cancer,-0.0195,-0.5995,-0.1082,0.2155,3.0348,0.7338,-0.0032,-0.1251,-0.6832,2.9155,4.7358,-2.0183,0.141,-0.7223,-1.659,-1.3074,-4.604,0.5249,1.1049,-0.4945
Cancer,-0.5252,-0.5355,-1.779,0.1718,3.1655,1.8269,-1.026,-1.0959,2.3299,3.1536,4.3122,3.7995,-0.3735,-0.6043,-3.3907,-2.2988,-2.798,0.4809,-0.3356,0.7703
Cancer,-1.5906,-1.121,-0.6725,0.2785,2.4108,0.7634,-0.4045,-0.9058,0.0341,3.2504,3.4012,1.1475,-2.932,0.5623,-0.939,-1.3038,-3.9428,1.2117,1.2816,0.4065
Cancer,-2.7137,-1.0598,0.4423,0.3388,3.1922,1.4353,0.0446,-2.1519,0.1426,1.4142,2.6409,-1.3885,-1.818,0.6276,-1.4736,-1.557,0.2562,0.6054,0.1282,-0.133
Cancer,-1.3765,-0.8828,-0.2765,-0.115,1.8096,1.3249,0.2405,-2.7886,0.9722,2.5794,3.8235,2.6193,-2.0465,0.565,-2.6199,-1.039,-1.9542,1.1406,1.1703,0.835
Cancer,-2.1565,-1.5178,-0.3053,1.885,2.771,1.5883,0.6046,-1.6184,0.0344,2.176,2.2461,-0.2848,-3.1012,-0.562,-1.027,-1.1353,-3.2342,0.7252,1.197,-0.4118
Cancer,-1.7333,-0.1238,0.0825,1.1462,2.7075,1.5302,0.118,-0.8464,-0.4022,0.9976,3.0485,2.3852,-0.8178,1.2338,-0.8751,-0.5467,-2.1492,0.7635,0.6044,0.2167
Cancer,-0.6899,0.475,-0.0447,1.273,1.7396,0.8603,-0.4696,-0.8737,0.6793,0.5149,1.3544,-3.446,-0.6312,0.5005,4.7385,-0.1878,1.4832,-2.2612,1.6913,0.8305
Cancer,-2.0734,-2.327,0.1872,-0.3792,1.4408,0.7284,-0.0426,-1.3272,-0.0162,2.4429,4.995,2.2873,-4.0775,-0.6768,-0.6981,-2.1519,-4.978,0.5261,1.1972,-0.1007
Cancer,-1.4488,-1.7185,-0.1825,0.0612,0.3123,1.1665,-0.3568,-0.794,0.3952,2.1922,4.1537,3.7033,-2.9935,-0.0362,-1.5057,-1.9684,-4.3845,0.9673,1.5206,0.1668
Cancer,-1.3568,-0.4068,-0.1958,0.7692,2.8922,1.2099,0.3075,-2.2195,0.9093,1.7111,3.0448,2.8732,-1.49,-0.0573,-1.3414,-1.0837,-2.8482,1.3838,1.1202,0.2067
Cancer,-1.5663,-0.2088,-0.2857,-0.196,2.8185,0.499,0.3089,-1.7291,-1.3458,2.4732,3.8248,-0.4312,-2.3842,0.539,-0.4799,-0.5967,-5.8548,0.6386,0.5427,-0.0268
Cancer,-1.9356,-1.204,-0.6242,0.3632,1.9578,1.4791,-0.9704,-0.1662,-0.2158,2.5699,3.2557,3.5767,-2.7682,0.2249,-1.0255,-0.8966,-0.2527,0.5239,0.9535,0.3098
Cancer,-2.3231,0.2182,-0.0953,0.58,3.767,0.6985,0.3388,-1.3739,-0.0738,1.0638,4.5469,-1.0322,-1.8125,0.047,-1.5079,-1.8031,-3.0635,0.7505,0.7506,0.6058
Cancer,-2.3116,-0.2435,0.1652,-0.0382,1.9343,0.9631,-0.0372,-1.3388,0.425,4.3239,1.2625,0.1848,-0.2565,0.4985,-0.679,0.4661,-1.728,0.6718,0.7434,-0.4248
Cancer,-0.9786,-2.108,0.3815,-0.1005,2.2068,0.461,-0.2781,-1.3428,-2.9404,2.0894,-1.9688,-2.764,0.0015,0.1921,2.2532,-0.1731,-4.4938,2.4591,0.3571,-0.57
Cancer,-0.9021,-0.5335,-0.0845,-0.564,1.3898,1.1415,0.3905,-1.2791,1.6842,2.1254,3.601,5.3635,-0.1302,0.6989,-2.4191,-0.631,-3.7898,-1.2229,1.3736,0.67
Cancer,-1.6414,0.4555,0.0158,0.2092,2.5251,0.9616,0.0201,-0.9504,1.1828,1.3551,3.3742,1.0667,-0.1745,0.6654,-1.9568,-0.9159,0.35,0.669,0.3669,1.327
Cancer,-1.0172,1.2838,-1.8718,0.7438,1.4974,0.4872,-1.0235,-0.8264,-1.5392,2.3611,-0.621,-2.635,0.5345,0.2154,-0.6315,0.3866,-0.7002,1.6337,0.5958,-0.7403
Cancer,-1.8988,-1.5968,-0.8673,-0.2422,2.34,1.5081,-0.3362,-3.1819,0.317,2.1875,4.8383,5.0198,-2.537,-0.0502,-3.5308,-0.2721,-4.442,0.0382,0.9313,1.0022
Cancer,-1.933,-2.0202,0.1883,0.3093,0.3182,0.2129,0.7124,-0.5086,0.714,2.7511,4.3205,2.5485,-2.7272,-1.3258,-0.161,-1.2133,-5.1338,0.1544,1.2041,0.4252
Cancer,-2.6355,-1.141,0.542,0.4148,0.56,0.9184,-0.3558,-1.5819,-0.3477,1.8865,3.7099,0.2382,-3.919,0.5804,-0.7477,-1.1043,-4.0125,0.576,0.9832,0.0333
Cancer,-1.9318,-0.5178,0.2598,0.1,2.3411,0.9539,-0.0779,-2.3709,1.0107,2.0295,5.1292,2.126,-1.7272,1.0317,-2.3587,-0.7741,-2.99,0.77,1.2694,0.3822
Cancer,-1.5088,1.6272,-2.321,-0.1205,1.6457,0.7151,0.2184,-2.7768,-3.3058,3.9382,-0.9542,-4.4838,-0.9785,-0.0863,0.877,0.7866,-2.955,2.8118,0.2236,1.3677
Cancer,-2.3459,-1.185,0.3448,0.4085,2.0422,0.3728,0.6225,-1.2104,1.6799,2.6758,3.3821,0.3718,-1.9822,0.1967,-1.3034,-0.896,-2.2862,1.8858,1.5471,-0.0658
Cancer,-1.9185,-0.4278,0.5402,1.3165,2.5503,0.4844,0.1705,-0.8614,-0.3138,2.1076,2.4112,3.8745,-2.247,0.3947,-1.8556,-1.3089,-1.279,0.8125,1.1841,-0.044
Cancer,-0.8617,1.4975,-0.0407,-0.112,3.4703,0.9508,-0.3374,-2.8141,1.3202,2.4911,4.6969,3.2572,-2.0702,0.9495,-2.2896,-1.4738,-5.468,0.7402,0.9975,-0.4473
Cancer,-0.5297,-0.5502,-0.597,0.059,2.9552,0.3519,0.1998,-0.7086,-0.9912,2.4068,3.9203,-1.9872,-1.4488,0.663,-2.9953,-0.1192,-5.531,0.5124,0.1493,-0.2162
Cancer,-1.7705,-0.8905,-0.4737,-0.127,3.5239,1.1334,0.1384,-1.8503,0.7668,2.7731,2.1128,2.0058,-2.0088,-0.6434,-1.7964,-0.7991,-5.202,0.7484,0.8269,0.0062
Cancer,-1.7808,-1.2412,-0.3483,0.8618,1.2413,1.4534,-1.1174,-1.2439,-0.6985,1.644,3.1787,1.3895,-1.2548,0.8778,-1.1135,-1.6476,-4.9238,-0.0346,0.7774,1.5798
Cancer,-2.0688,-1.5942,0.0208,-0.0385,2.3665,0.8051,0.2985,-1.7753,1.0157,2.4174,3.8376,4.5855,-3.01,-0.2413,-0.3816,-0.7857,-1.1332,0.4283,1.0746,-0.074
Cancer,-1.3992,-1.8065,-0.3852,-0.132,3.2062,1.1666,0.3123,-1.8359,0.8733,1.9682,3.1331,1.9008,-2.9132,-0.2822,-1.6635,-0.8517,0.024,0.6982,1.0316,-0.6412
Cancer,-1.384,-1.067,0.3797,-0.1245,3.1088,0.3432,0.743,-1.2643,-0.1228,2.058,4.2889,-1.0638,-1.9745,0.472,-2.4928,-1.9205,-3.1218,0.2468,1.2869,-0.6462
Cancer,-2.2583,-2.3168,1.2502,0.1015,1.1988,1.186,0.2436,-0.7256,0.4795,2.292,2.8984,1.6657,-3.6738,-0.6508,-1.4045,-0.8305,-4.536,-0.1426,1.3233,-0.046
Cancer,-2.3988,-0.2938,-0.7593,0.2068,3.3255,0.7841,-0.6121,-1.4218,1.0566,2.0949,5.1257,2.643,-1.3765,0.6735,-2.2255,-1.6368,-2.677,0.1606,-0.0759,0.0505
Cancer,-2.0461,-1.751,-0.4387,-0.0205,2.6941,0.9301,-0.0205,-1.9926,0.9182,1.9734,4.3556,0.2702,-2.3735,0.7455,-1.4902,-0.7946,-2.8725,0.2938,1.0421,-0.1802
Cancer,-1.6624,-1.7625,-0.1412,0.1272,2.1499,1.1324,0.25,-1.6392,0.7448,2.4025,4.9251,2.365,-3.0488,-0.2692,-2.7188,-0.4406,-1.4365,0.6667,1.6408,0.0258
Cancer,-2.0061,-1.6755,-0.5057,0.1772,1.5998,1.3019,-0.1901,-0.4561,1.5094,2.9688,3.7835,-2.3404,-2.742,0.3138,-1.7832,-0.5709,-5.2542,0.3622,0.2858,0.0588
Cancer,-1.5844,-1.0192,-0.5345,-0.521,0.8612,1.6076,-0.5861,-0.4536,0.5272,2.1999,3.2832,3.7942,-2.473,0.5218,-2.5846,-1.0968,-3.2502,-1.0241,0.7676,0.1923
Cancer,-2.0526,-1.2632,-0.3932,0.2068,-1.2952,0.2726,0.0166,-1.4375,-0.2931,2.2474,4.0259,-1.6535,-1.8155,0.1198,-0.7091,-1.3297,-4.755,1.1458,0.909,0.625
Cancer,-1.2268,-0.6835,-0.4115,0.0622,2.5884,1.063,-1.3181,-2.112,-0.9292,3.0385,4.4322,3.3285,-3.0318,-0.4363,-1.2488,-1.9771,-4.0432,0.3247,0.5771,0.4837
Cancer,-0.2628,0.7515,-0.7337,0.8032,2.2614,0.4861,-0.5426,-1.5582,-2.4002,2.3021,3.3754,1.2628,-1.2338,0.1173,-1.6989,-1.8056,-4.7505,0.3377,0.7385,-0.6355
Cancer,-0.4782,-0.293,-1.0072,0.501,2.6502,0.5292,-1.2425,-1.1329,1.6102,3.3991,5.0413,-3.6515,-2.7585,-0.3665,-3.041,-0.5647,-4.151,0.7257,0.454,-0.654
Cancer,-1.4728,-1.325,0.0542,-0.0362,2.3542,0.525,-0.4999,-0.0485,2.2143,1.9918,3.4676,-0.6828,-1.5707,0.287,-2.8254,-1.0849,-1.4075,1.3394,0.4221,-0.5853
Cancer,-1.625,0.0235,-0.3958,-0.0632,2.2887,0.9654,1.3349,-1.9654,0.9034,5.6457,3.4119,-2.2583,-2.4455,-0.0307,-2.0739,-0.3475,-2.9502,1.207,1.0554,-0.433
Cancer,-0.8478,-0.7552,-0.8875,0.4262,2.2232,0.5846,-0.5355,0.0752,-1.6765,1.7075,0.187,-1.1803,-0.7862,-0.0079,-1.1025,-0.3731,1.648,-0.7117,1.4809,1.0693
Cancer,-0.4813,-0.4758,-0.5307,-0.4912,1.5923,1.3911,-0.0735,-3.0655,1.9662,2.2791,5.3045,2.3697,-1.235,1.1498,-3.4863,-2.4879,-5.4275,-0.3962,0.8628,-0.5977
Cancer,-1.5242,-1.271,-0.3583,0.391,1.7696,1.1826,-0.4522,-1.0397,0.4949,2.2036,2.6973,3.8632,-1.994,-0.0285,-1.0049,-1.0289,-1.1288,0.9185,0.8944,0.5112
Cancer,-1.8568,-0.6972,-0.1852,0.7338,1.6309,0.4487,-0.5079,-0.9439,0.4047,1.3818,4.1302,2.3853,-2.5665,0.0148,-1.202,-2.0333,-4.3432,0.7942,1.2909,0.9462
Cancer,-2.0892,0.4502,-0.2837,0.294,2.0311,1.135,-0.192,-2.1073,0.4983,1.1371,2.0398,0.834,-1.3452,0.6705,-1.0379,-1.9143,-2.3095,1.1555,0.0676,1.1337
Cancer,-2.6858,-0.1695,0.333,0.4952,1.1987,-0.6553,-0.3716,-1.1164,-0.0314,1.1501,-3.3465,-2.4757,-0.7958,2.1917,1.6428,1.7919,2.4728,2.5726,1.031,-0.5358
Cancer,-1.2195,0.1268,-0.4958,0.215,-1.0498,1.0051,-0.1589,-0.689,-0.6078,1.2064,2.4851,-0.6322,-0.914,0.3238,-0.5511,-1.1633,-3.4582,1.2448,0.4792,0.7555
Cancer,-1.9968,-1.2155,-0.2665,0.1355,2.3007,0.6011,0.1608,0.5154,0.6062,0.9008,-2.5819,-2.6992,-0.5848,0.1758,-0.7134,0.5663,-0.284,-0.9341,0.1111,-0.4775
Cancer,-2.5133,-1.9635,-1.491,-0.142,2.3768,0.3414,1.1134,-1.5273,1.0336,1.4428,4.0654,1.7983,-2.2835,0.428,-3.4373,-0.1574,-3.7335,-0.0102,1.1891,0.2453
Cancer,-1.6059,-0.7305,-0.0475,0.3093,1.3933,1.1198,-0.1488,-1.0871,3.4331,1.9351,3.0855,0.9587,-1.9518,0.6116,-1.3564,-1.4524,-0.9468,1.5188,1.2029,0.4418
Cancer,-1.6308,-0.565,-0.1627,0.4995,1.9099,1.2572,0.1075,-2.3118,0.9938,1.5942,2.6143,0.4972,-0.9398,0.5887,-2.6012,-0.6825,-2.6848,1.7058,0.8887,-0.0978
Cancer,-0.9399,0.6285,1.915,0.5055,1.3823,0.4224,-0.3291,0.7179,0.6313,1.7632,-1.5444,-2.995,-0.39,0.7767,0.6837,-0.3402,-0.9855,2.2023,1.7494,0.0393
Cancer,-0.4202,-0.9695,-0.5878,0.2338,2.4118,1.5146,-0.4089,0.7889,0.7505,2.3816,4.2341,1.274,-1.1018,0.9374,-3.1266,-1.7869,-4.3572,-0.8193,0.8638,-1.108
Cancer,-1.4602,-1.417,-0.0958,0.009,1.9452,1.7372,-0.6591,-0.7951,-0.1182,1.8662,3.039,3.7082,-3.121,-0.2779,-0.7331,-2.1033,-3.5828,1.0876,0.5726,0.0418
Cancer,-1.6193,-0.6932,0.0753,0.742,2.0926,0.9594,-0.1368,-1.6944,1.2822,1.9272,5.3699,4.1758,-2.5302,0.1552,-3.6789,0.9684,-3.4022,0.0803,0.3496,-0.844
Cancer,-1.5235,-1.259,-0.5812,-0.205,-1.0478,0.8826,0.4814,-3.2752,0.6306,2.3104,1.4611,-2.9373,-0.076,0.68,-2.9103,-0.2234,2.2415,-0.0044,0.8921,0.0448
Cancer,-1.0166,-1.366,-2.0887,0.4892,2.1277,0.2291,0.2412,0.058,-2.2232,1.1368,-2.0483,-3.3226,-0.2978,0.1013,-1.5903,-0.5709,-3.4942,0.6382,1.2019,0.0373
Cancer,-1.7214,0.3218,0.2518,-0.1185,3.1288,0.7484,0.5405,0.4133,1.1954,4.2991,0.502,-2.1877,-0.3432,0.5125,-1.2911,-1.6408,-1.8588,0.2718,-0.2281,-0.7387
Cancer,-1.5817,-2.9025,-1.1597,-0.0698,3.1738,0.8634,-0.234,-1.8614,1.1458,3.0611,4.5808,2.3807,-3.9508,-0.2146,-3.7494,-0.8017,-5.4195,-0.0472,1.3909,-0.3395
Cancer,-1.2012,-0.654,-0.7743,-0.182,2.8523,-0.1815,-0.0872,-1.5565,-1.0742,2.262,3.0016,2.2493,-1.8298,0.0829,-1.4761,-0.9647,-1.3035,0.4376,0.8014,-0.0195
Cancer,0.2808,-1.4692,-1.4612,-0.026,2.0976,0.4096,-0.1992,-0.4431,-0.485,5.1732,3.4798,0.9743,-1.403,-2.2624,0.4574,-0.2339,0.8482,1.1192,1.2709,-0.683
Cancer,-0.518,0.4798,-1.5422,1.5682,3.1209,1.2052,-0.0365,1.1254,0.8316,1.605,-1.4929,-2.4008,-0.6185,1.1774,2.4834,-0.1563,3.6952,-1.8519,1.1937,0.356
Cancer,-1.7394,-1.3805,-0.2855,0.1393,2.7012,1.0228,-1.1673,-2.0056,-1.84,1.7118,3.734,4.496,-3.5268,1.1086,-1.7411,-2.3685,2.2882,0.7839,0.496,0.5818
Cancer,-1.7752,-0.676,-0.1415,0.1802,2.833,1.4633,0.3894,-1.9781,2.4089,2.3758,3.5852,0.6655,-2.185,-1.5152,-1.9404,-1.9179,-1.9622,1.0112,-0.3347,-0.0855
Cancer,-2.2662,-1.682,-0.29,-0.101,2.1232,0.9105,0.6652,-2.7721,0.3528,2.0712,4.7383,3.1607,-3.7208,-0.3521,-2.0904,-0.7006,-5.5742,0.3772,1.2059,0.4232
Cancer,-2.1557,-1.352,-0.1122,0.272,1.0592,0.9784,-0.4758,-1.5792,-0.0048,1.0171,4.5572,3.206,-3.3272,-0.4794,-0.6397,-2.1286,-4.5812,0.3352,0.2212,0.7788
Cancer,-1.5392,0.4802,-0.045,-0.2325,1.9774,1.4333,1.1736,-2.3738,-0.8692,5.0852,2.8713,-1.4323,-2.7695,-0.4924,-1.38,-0.8159,-1.8105,0.8762,0.6052,0.1307
Cancer,-1.1752,-0.8678,-0.1782,0.8352,2.0141,1.1151,-0.7109,-0.9139,1.4094,1.978,2.8506,1.7312,-2.04,-0.2544,-1.8433,-1.6964,-3.3888,-0.6413,1.2508,0.2108
Cancer,-0.6543,-0.1725,-0.7355,0.7482,0.632,1.129,-0.3511,-0.5382,-1.5061,1.527,-1.6588,-2.2505,-2.0888,-0.3738,-0.1429,-1.2081,-1.5252,0.3532,1.7919,1.3583
Cancer,-1.1649,1.3555,0.0447,0.7135,2.1528,1.1806,-1.6,-0.2319,-1.9512,0.4341,0.6377,-2.2437,-0.9518,0.2925,0.1033,-1.4614,0.7305,1.9527,0.4111,2.0435
Cancer,-2.2889,-0.863,0.0862,1.1285,3.5873,1.2196,-0.4396,-1.1217,0.5341,2.3222,-0.8125,-2.412,-1.2495,0.419,2.2951,1.4569,2.5922,-0.8378,0.6849,-0.1107
Cancer,-2.0058,-1.7488,1.1262,0.4095,2.7486,0.4991,-0.4281,-0.5117,2.3794,2.6658,5.0892,-2.4503,-2.137,-0.6004,-3.1283,-0.3011,-4.7755,-0.3664,0.4687,-0.3945
Cancer,-1.9753,-1.247,1.5772,0.159,1.0553,0.5254,0.5376,-2.4756,0.6292,1.6726,3.8633,3.1532,-3.0568,-0.6258,-2.8938,-1.1019,-3.7048,0.7342,1.6333,0.0348
Cancer,-0.9351,-1.5115,0.105,0.0118,2.0409,1.8245,-0.2844,-0.8937,1.7026,1.6465,2.9373,2.1102,-2.0198,-0.0499,-0.3273,-1.4191,-1.2755,1.2738,0.6743,0.0618
Cancer,-1.5464,-0.341,0.2697,1.1865,3.0514,1.3381,0.4645,-0.8711,-1.1314,4.5202,-3.0626,-1.7137,-2.3478,0.7237,0.3119,-1.2939,-2.1018,2.783,0.0991,0.1128
Cancer,-1.7885,-0.1915,-0.1282,0.8588,2.8928,1.3029,0.9391,-2.0226,0.4646,4.84,-0.833,-1.5143,-1.2835,1.8581,-1.9897,-0.5461,-0.328,1.124,0.5094,-0.0022
Cancer,-1.6415,-0.1795,-1.214,0.0368,3.0917,1.2856,0.5344,-1.2883,0.6012,3.8261,1.8542,2.2973,0.2812,-0.6934,-1.2357,-0.2914,0.5835,1.0652,0.5777,-0.1872
Cancer,-1.4038,0.9362,0.1743,0.5392,3.627,0.22,0.2558,-1.9428,-1.5582,1.2075,2.423,-1.5445,-0.9412,-0.1188,-2.2376,-1.1547,-4.4035,-0.6153,-0.1196,0.0165
Cancer,-2.4572,-0.5698,-0.1738,0.7555,1.4445,0.4013,-1.1501,-0.6888,-1.7589,-0.0609,-1.1336,-2.3565,-0.531,-0.6261,0.5382,-1.3057,-2.1703,-0.7721,0.5312,2.0498
Cancer,-0.7772,0.2758,1.005,-0.1942,3.4742,0.469,-0.5402,-1.8266,1.282,1.6364,2.5473,0.6947,-1.752,1.6404,-2.3097,-1.8148,0.2615,0.8888,0.3409,-0.3077
Cancer,-1.0491,-0.737,1.0002,-0.01,3.3662,0.1234,0.2394,-2.0379,0.7476,1.2969,4.4253,0.5673,-1.7872,-0.8113,-2.7783,-1.2366,-2.8035,-0.5435,0.8715,0.21
Cancer,-1.2328,-0.544,-2.3763,1.656,2.8558,1.5034,-0.8549,-1.2956,1.9802,2.2555,3.2029,3.182,-2.0498,0.084,-2.2375,-1.2889,-2.611,1.8152,1.0724,1.1447
Cancer,-1.8641,-0.7565,0.7178,-0.284,1.6848,1.7654,0.581,-1.3753,-1.2876,5.2496,-2.8003,-2.7143,-1.1828,0.074,0.1029,-0.0673,-0.5785,0.0033,1.2674,-1.3857
Cancer,-0.0292,0.031,-1.3985,0.2188,1.6907,0.8196,0.1929,-1.1012,-0.081,2.4961,2.8287,1.1203,-0.5865,0.0513,-1.5477,-0.3081,-2.494,-0.0163,0.8222,-1.101
Cancer,-0.8226,1.954,0.0913,0.0082,2.5493,0.3022,0.194,-1.4373,0.0533,1.8941,-2.5553,-2.4837,-0.202,1.3437,1.3046,0.9921,3.0605,2.2493,0.8552,-0.05
Cancer,-1.9963,-0.6692,-0.3257,0.427,3.228,0.3748,0.2114,-1.6281,0.1559,4.9948,4.0982,1.195,-1.986,-0.1472,-1.0909,-1.5337,1.7472,2.0869,0.8548,0.4775
Cancer,-2.0718,-2.5975,-0.9167,0.036,1.8089,0.7029,0.706,-0.6585,1.4812,1.7764,3.9499,2.585,-2.6383,0.2333,-3.8987,0.0925,-4.7022,-0.3967,1.2334,-0.5743
Cancer,-3.0523,0.7228,-0.2533,0.2525,3.1982,-1.3282,-0.294,-0.9129,-2.5357,1.0939,-2.3901,-2.7137,0.019,-0.3467,0.5531,-0.4007,1.4245,1.3932,1.5984,0.968
Cancer,-1.8209,-0.6335,-1.1592,0.2985,2.4768,1.0332,1.133,0.0429,-2.0172,4.6391,-2.5382,-2.0195,-0.957,0.6713,-1.5732,-0.2076,-2.5375,1.9448,0.5189,0.2772
Cancer,-1.8466,0.0635,0.575,-0.0832,1.5862,0.3893,0.3924,-1.8385,-0.7955,4.7791,-0.809,-2.249,-0.2562,-0.4598,-1.7941,0.5698,-3.137,0.7242,0.2085,-0.8355
Cancer,-1.6418,0.9925,-1.0428,0.0035,3.7118,-0.3206,1.7484,-2.9618,0.3522,3.4048,0.6366,-2.7882,-1.2668,-0.3157,-2.2997,-1.0978,-0.64,0.5305,0.8888,0.4813
Cancer,-0.955,0.596,-0.4913,0.2208,1.5547,1.1334,0.1045,-2.2587,-1.6842,5.4802,0.9412,-0.7207,-1.0228,-0.2858,-2.1881,-1.3765,1.8025,0.1062,0.1602,0.4778
Cancer,-0.7075,-0.0402,-0.5543,0.215,2.0902,1.3345,-1.4417,-0.8627,1.2322,0.6132,3.7518,2.6742,-1.819,0.5822,-2.7521,-1.9605,-1.4028,-0.1422,0.3486,0.4098
Cancer,-2.4295,-1.4828,-0.445,0.3,2.2297,0.8245,0.9519,-2.1441,0.1663,3.1178,3.1023,0.8473,-3.275,-1.3655,0.0275,-2.5518,-5.3368,0.6455,0.8937,0.2072
Cancer,-1.0167,-0.177,0.1083,-0.2618,3.3907,0.9789,1.3285,-2.4562,0.628,3.931,2.1259,-2.659,-0.8158,-1.5802,-2.7928,-1.3887,-1.1062,0.5536,0.2636,-0.4005
Cancer,-0.3119,0.7942,0.712,0.7143,2.7564,-0.7227,-0.5758,-1.6848,1.6522,1.2988,4.8533,0.9185,-0.301,0.6215,-3.6862,-0.5931,0.8005,-0.2884,0.8793,0.7173
Cancer,-0.4246,-0.681,0.0898,0.3162,2.7511,0.3429,-0.8439,-1.0551,0.9875,2.6269,4.8033,-0.571,-0.5898,-0.4267,-3.2956,-1.6241,-2.6647,0.0808,-0.1957,-0.2835
Cancer,-3.9175,0.121,-1.7723,0.4858,1.366,0.2972,-0.2362,-1.9521,-3.3227,-0.644,2.5478,1.1347,-0.0972,-0.0897,0.5333,-1.2074,-4.1712,0.5281,-0.7996,-0.9402
Cancer,-1.4062,-0.2132,0.8422,0.2262,2.0961,0.1544,0.3991,-2.6331,-1.9271,1.4584,-2.9062,-2.3148,-0.5377,1.4081,1.4102,-0.4556,1.035,2.0189,0.6232,-0.232
Cancer,-1.825,-0.641,0.2413,0.8385,2.5738,1.5054,-0.1031,-1.2462,1.2235,2.5316,4.1999,-2.1723,-2.3068,0.038,-2.4909,-1.2442,-4.5735,0.5908,0.0503,0.6288
Cancer,-2.1162,-0.8038,0.0002,0.2785,0.0147,0.8504,0.1792,-1.2031,-1.0374,1.7306,2.7741,3.1208,-1.8208,0.1591,-1.6469,-1.0025,-0.0902,1.2449,1.3141,2.0668
Cancer,-1.3815,-0.5075,0.5108,0.2145,1.8798,-0.1835,0.2996,-1.9736,-1.3022,1.9921,-2.3861,-1.6622,-2.0165,-0.0839,0.6591,1.8393,0.4842,2.3862,1.0869,0.3138
Cancer,-0.6889,-0.744,-1.7127,0.5145,2.4564,0.7807,0.0478,-2.3281,-3.2412,0.7736,-3.8335,-2.8718,0.5935,1.0103,6.0686,0.0057,-0.805,-0.5952,0.8477,-0.5335
Cancer,-2.7108,-1.5787,0.591,0.163,2.0819,0.8729,0.56,-1.1526,0.1887,1.6969,4.1461,-1.3097,-3.4425,-0.3689,-0.7163,-1.7758,-5.8322,1.3598,1.0061,0.5603
Cancer,-2.4497,-1.488,0.0027,0.5442,2.1155,0.7661,0.8992,-2.3003,0.625,1.3269,4.7798,2.8972,-2.811,0.0345,-1.7639,-1.1588,-1.4545,1.4986,0.6944,0.547
Cancer,-0.8087,-1.182,0.3315,0.0465,1.8397,1.5669,-0.8451,-0.2921,-2.679,1.4129,-3.2698,-2.983,-1.1825,-0.0465,0.9232,-1.7304,0.265,1.2729,0.9992,-0.5585
Cancer,-0.4605,-0.7615,-0.7953,0.0538,2.7939,0.6316,0.2114,-0.3713,2.3754,2.6899,5.4437,-0.2612,-1.0518,-0.117,-3.053,-2.1165,-4.0938,-0.3387,1.0037,0.7228
Cancer,-1.1662,-1.815,-0.7445,0.0598,3.3517,0.8053,-0.194,-0.8851,-0.3522,2.5686,4.4156,1.2445,-2.415,-0.8785,-2.3023,0.2207,-5.5485,0.0024,0.9686,-0.0602
Cancer,0.0169,0.031,0.2083,-0.1218,-1.5461,0.755,0.5434,-2.0884,1.7922,2.8476,4.2158,-1.434,0.1815,1.1834,-2.6824,-1.7788,-4.8845,-0.4203,1.3011,-0.0863
Cancer,-1.8167,-0.5855,-0.8737,0.8975,1.1517,0.5856,-0.932,-0.8304,-1.1732,0.915,2.0405,0.8897,-1.9235,0.2273,-0.6592,-1.3376,-0.4805,0.9443,0.9187,1.3235
Cancer,-0.6595,-0.599,-0.213,0.0302,3.8396,0.5844,0.4765,-0.2046,1.671,2.6776,4.3451,-2.3213,-0.1645,-0.0216,-2.7117,-0.9273,-0.1955,0.9759,0.2991,-0.9693
Cancer,-1.0679,0.1328,0.6902,0.4062,1.541,0.8151,0.0199,-1.8273,1.2339,1.6204,4.0968,2.0018,-1.5162,0.3449,-3.1565,-1.0851,-1.257,0.5526,0.9151,-0.051
Cancer,-1.4066,-0.9212,-0.4528,-0.0805,3.1095,-0.2204,-0.4515,-1.7807,-1.4293,1.5518,4.6229,0.666,-1.6075,1.1299,-2.1054,-1.5888,-1.1535,0.5941,1.1732,0.1643
Cancer,-0.742,-0.1635,-1.0532,-0.8002,2.2419,-0.1144,0.662,-2.9339,-1.2128,2.8564,4.2255,-2.1642,-1.1165,0.9108,-3.0698,-1.3409,-0.8512,-0.2592,1.0914,0.0243
Cancer,-1.1742,-1.2832,0.0928,-0.4428,1.877,0.8461,-0.0754,-1.8173,1.2126,2.4939,5.3132,-0.0197,-1.4792,0.5174,-2.1299,-0.7466,-3.0895,0.7942,1.7534,0.1733
Cancer,-1.298,-0.9895,-0.216,0.097,-3.4669,0.8914,-0.2861,-0.6032,0.6974,1.8492,3.1742,4.237,-1.9148,0.2827,-1.9879,-1.9765,-3.7685,1.4872,1.4784,0.7805
Cancer,-2.6379,0.632,-2.2088,0.6165,1.1738,-1.9876,-0.1838,0.7133,-1.4483,0.3713,-3.474,-2.431,0.6485,0.3059,-0.8224,-1.0202,-1.5962,1.8376,1.1338,0.2213
Cancer,-0.3797,-0.1152,-0.063,-0.0602,3.0331,1.4799,-0.5826,-2.0262,2.1755,2.7314,4.3672,4.046,-2.0642,0.2045,-3.0043,-1.5899,-1.697,-0.2893,1.5017,-1.0377
Cancer,-0.6738,-0.1445,0.0805,2.0675,4.3276,0.6273,2.9928,-2.6866,1.7512,5.354,-2.4324,-2.7787,0.2527,0.6086,-1.4234,-0.7366,-3.5745,-0.8198,0.0499,-1.0465
Cancer,-1.8344,-1.1175,-0.3485,0.544,2.643,-0.3445,0.6132,-1.3036,1.0365,2.0173,5.1619,3.0055,-1.8668,-0.5201,-1.044,-1.3544,-4.43,0.4408,0.7548,0.5295
Cancer,-3.0414,1.5232,0.4948,1.1067,2.3823,0.0024,-0.3181,-0.9826,-2.3619,1.5525,-3.6293,-2.951,-0.6255,1.0218,0.413,1.3459,-3.7785,0.0128,1.0279,1.6157
Cancer,-1.0816,-0.6712,-1.341,-0.0248,1.9334,0.3556,-0.033,-1.1743,2.2302,2.3036,5.1372,0.4237,-1.8928,-0.2493,-3.419,-0.8287,-6.1005,0.5417,0.4514,-0.1213
Cancer,-1.0717,0.1632,-0.535,0.0795,3.6152,-0.004,0.3149,-1.1922,1.7597,2.188,4.0137,-2.179,-1.1932,0.145,-2.5732,-1.4457,-4.457,0.4345,0.8289,0.716
Cancer,-0.9048,-0.4322,0.1037,0.0608,3.0165,1.1109,-0.5696,-0.6478,1.0883,4.6951,1.7598,1.2623,-0.8462,0.5758,-2.0579,-0.6387,-2.787,-0.1238,0.6339,-0.7825
Cancer,-0.6777,-3.3108,-0.8067,0.154,2.3499,0.8881,-0.9081,-1.0133,1.2786,2.8841,3.7035,2.2288,-2.4455,-0.3299,-3.6162,0.0031,-4.2495,-0.6492,0.9844,-0.8962
Cancer,-1.6854,-0.577,-1.2898,0.0882,2.1608,0.0467,0.1959,0.0107,-2.991,1.2699,-0.9334,-2.7592,-1.1902,-0.5635,-0.1714,-0.7344,-3.2305,0.9889,0.4951,0.3013
Cancer,-1.1989,-1.1665,-0.514,-0.1322,1.3438,1.0821,-0.349,-0.3038,-0.1288,5.1537,-1.3056,-3.0112,-0.5382,0.115,1.3957,1.0021,-0.5,3.6021,0.1508,-0.9332
Cancer,-2.1996,0.4915,0.2638,0.845,1.5416,-0.0821,-1.1675,-1.3797,-1.2262,1.2469,3.5032,3.6288,-1.1085,-0.0577,-1.61,-1.0251,-1.3712,-0.0524,0.7817,0.6333
Cancer,-1.4497,-1.1612,-1.6245,1.5315,2.4767,1.2813,-0.3848,-0.5947,0.961,0.9776,-2.5314,-2.6128,-1.5952,0.1005,5.2056,2.0008,-3.766,0.0018,1.0809,1.7522
Cancer,-1.8646,-2.4492,-0.9187,-0.3713,3.7412,0.9279,1.0241,-2.8381,-0.3197,5.562,-0.3725,-2.132,-0.8725,0.85,-1.723,0.9428,3.1675,0.8223,0.5736,-0.8002
Cancer,-1.6908,-3.9015,-0.7778,-0.1475,1.7992,0.6811,0.2201,-1.1163,0.4068,2.7021,2.6413,2.8443,-2.3955,-0.1898,-1.9894,0.3207,-1.5358,0.9458,1.3499,-0.3552
Cancer,-0.7824,0.0748,1.2015,0.2055,1.5042,0.4744,0.4546,-0.2298,1.1325,2.0556,4.5452,4.0987,-1.7972,-0.1737,-2.931,-1.3373,-4.36,0.203,1.3064,0.1657
Cancer,-1.5777,-0.7495,-0.7162,0.6895,2.1161,0.8962,0.0295,-0.5759,1.9942,2.8669,4.5812,-2.416,-1.1435,0.0983,-3.3757,-1.9438,-6.4058,1.3893,0.1494,-0.3205
Cancer,-1.3832,-1.2452,0.0625,-0.2488,2.0492,0.9039,-0.5098,-1.5623,0.5874,2.2788,5.6077,4.3828,-2.5895,0.1603,-2.8439,-0.1133,-3.651,0.2441,1.1628,1.1435
Cancer,-2.2902,-1.1078,-0.4993,0.6542,1.7674,0.2709,-0.5411,0.6556,-3.3845,1.8722,-4.1918,-3.449,-2.8945,-0.7919,0.201,-0.9625,-3.0815,1.5537,0.1612,-0.6758
Cancer,-1.3869,-0.545,0.652,0.794,1.2308,-0.4567,0.5528,-2.3394,-2.2339,0.7541,-1.3908,-2.3235,-0.916,-0.154,1.1128,-0.146,1.422,0.9742,0.7531,1.173
Cancer,-0.7634,-0.856,-0.4703,0.6378,3.6807,1.2556,-0.4271,-1.5638,0.8771,2.1461,2.748,1.128,-1.6488,-0.132,-2.7584,-1.4415,0.6882,0.8662,0.4017,0.1045
Cancer,-0.7659,-1.1718,-0.3147,0.3157,2.9649,-0.114,-0.0452,-1.5146,1.2222,1.9478,2.4048,1.2613,-1.4532,-0.3506,-2.3421,-1.439,-4.4117,0.8602,0.4403,0.4658
Cancer,-1.8834,-1.5992,-0.6828,0.2058,2.2685,0.9161,-0.7191,-2.0954,-0.5314,2.6662,4.642,3.1322,-3.5762,-0.1451,-1.7676,-1.243,-1.002,1.3498,0.4188,0.6835
Cancer,-2.1016,-1.4888,0.1458,0.0238,0.7779,0.783,0.3114,-1.7102,-0.0858,2.6396,2.6641,3.0858,-4.102,-0.1482,-2.0681,-1.1199,-2.2165,0.9503,1.4679,-0.349
Cancer,-2.1178,-1.1442,-0.1872,0.6382,1.5689,1.8512,0.469,-1.0924,-0.2704,2.7239,1.9783,2.953,-2.6912,-1.3728,-0.3153,-1.9392,-4.49,-0.2908,1.3158,-0.3578
Cancer,-1.8984,-2.228,0.1473,0.408,1.9881,1.9711,0.9845,-1.4091,1.0158,3.4069,3.7404,4.3257,-3.6288,-0.7678,-3.366,-2.0802,-5.1148,-0.7975,1.3939,-0.2302
Cancer,-1.4783,-1.251,-0.1542,-0.1535,2.6939,1.4801,-1.6231,-1.344,1.1038,2.0498,5.0014,3.184,-2.734,-0.4902,-1.5787,-2.5368,-3.7765,-0.1688,0.3053,-0.1865
Cancer,-1.7752,-1.7775,-0.439,0.0068,2.7083,0.5328,1.1481,-2.0931,1.2422,1.9438,4.9263,3.9047,-2.278,0.1402,-3.9071,-0.0934,-5.8482,0.0098,1.2569,-0.0515
Cancer,-1.7637,-0.9478,0.5558,0.2228,2.3065,0.4641,1.8384,-1.2081,0.9665,4.6971,2.4762,1.0613,-0.892,0.4784,-2.6361,-1.5317,-1.8042,0.6244,0.3296,-0.2157
Cancer,-2.2106,-1.9422,-0.2707,-0.5845,1.7476,1.6433,0.8622,-2.4069,-0.4307,2.3481,3.8726,2.2085,-4.57,-0.3139,-2.1226,-2.1493,-4.4188,-0.0293,0.5867,0.6005
Cancer,-1.8993,-2.0382,1.087,-0.4108,0.8265,1.276,0.4658,-0.3903,0.222,2.4971,2.2894,1.5093,-2.8482,0.3008,-3.9003,-0.2096,-3.6642,-0.9924,1.4736,-0.5687
Cancer,-0.7509,0.3235,-0.1055,-0.363,2.3128,0.933,0.211,-2.9774,0.7931,2.283,4.4164,-0.8862,-1.7028,-0.2512,-2.6658,-2.2193,-0.5878,-0.3498,0.7203,0.0088
Cancer,-0.9182,-0.193,0.1033,-0.5452,2.3799,1.2019,0.7559,-2.8014,2.1251,2.5024,4.8791,1.27,-2.3465,0.3325,-4.4687,-0.9067,-4.2822,-1.0363,1.0318,-0.7665
Cancer,-0.8389,-0.591,0.0005,-0.165,-2.959,0.9931,0.1081,-1.1176,0.1378,2.412,4.0111,2.6322,-1.2228,0.5078,-2.1699,-0.8377,-2.6408,0.7018,1.4888,-0.1887
Cancer,-1.6115,-0.8998,0.154,0.5628,-2.1991,0.7209,-0.5521,-1.1543,-0.2429,0.8466,3.5374,1.5463,-1.1675,0.4233,-1.2465,-1.2686,-3.1472,1.1045,0.6691,0.7503
Cancer,-0.5192,-0.4815,0.9302,-0.2455,1.7864,0.2152,0.2054,-1.1991,2.9558,1.7314,4.4195,2.0567,-0.7075,0.6235,-2.6401,-1.6757,-2.7902,-0.7752,0.8716,1.2038
Cancer,-1.6602,-1.5365,-0.7238,0.5715,2.1469,0.3478,0.1502,-1.5947,-0.0336,2.7124,4.428,-1.2573,-2.9192,0.1121,-1.0227,-1.8516,-4.2368,0.6322,1.0106,0.571
Cancer,-0.7145,-0.2648,-0.3495,-0.5092,1.9798,0.3556,0.1606,-0.5222,2.1619,1.9852,5.2343,-0.971,-2.1338,-0.1478,-2.7481,-1.7973,-5.371,0.7192,0.2614,-0.2935
Cancer,-0.8308,-1.1778,-0.463,0.6342,3.7338,0.6915,-0.9406,-0.6562,1.6192,1.67,3.9182,-2.1483,-1.1415,0.7432,-2.3502,-0.8067,-3.7092,-0.7878,-0.1943,-0.9158
Cancer,-0.88,-0.6282,0.1165,0.2228,1.5228,0.1529,0.6792,-0.3476,2.9542,2.3638,5.097,-1.8295,-1.429,-1.09,-3.512,-0.3381,-1.9618,0.0526,1.6099,1.253
Cancer,-0.9781,-0.0648,1.5378,0.077,1.0841,1.6531,-0.5588,0.0521,-2.3802,1.8588,-2.1042,-1.9783,0.0765,1.152,-0.4936,-0.5286,-2.8052,2.2053,0.7071,0.7403
Cancer,-1.5055,-0.817,0.8658,-0.2678,2.6508,0.8784,0.0099,-0.6704,-1.2005,4.944,-3.423,-2.1403,-1.3552,-0.3142,0.7584,0.8081,0.5542,0.6373,0.4537,0.3492
Cancer,-2.4166,-1.4638,0.1113,-0.2352,2.8351,0.7438,1.8132,-1.2334,1.0406,4.0526,0.706,-1.3652,-2.3265,-0.4986,-0.8258,-1.8516,-3.559,1.1339,1.8914,0.5543
Cancer,-2.4502,-1.2712,-0.2165,0.1972,2.1609,0.7646,-0.3909,-2.3394,-0.0057,2.6581,4.7453,3.6765,-4.551,-0.8394,-2.4897,-1.0616,-4.3682,0.5532,0.8288,-0.1767
Cancer,-1.3258,0.8405,-0.5182,0.2852,-0.1017,-0.5115,-0.8756,-1.5335,0.853,1.3661,-2.4102,-1.702,-1.517,-0.866,-0.8582,-0.5771,-2.5225,-0.906,0.4695,0.53
Cancer,-2.4122,-1.0867,-0.1157,0.1635,-1.0712,0.6401,-0.2246,-1.835,-0.3273,0.6206,0.792,-2.2758,-2.334,-0.3411,-1.6678,-1.6916,-5.1148,-0.0214,0.3965,0.51
Cancer,-2.8855,-2.0688,-0.2183,0.1042,2.0462,1.4449,0.9922,-2.153,0.4647,2.7562,3.1138,2.087,-4.3375,0.8144,-0.8015,-0.6371,-4.6358,1.4074,1.2749,0.1887
Cancer,-1.1728,-0.812,0.289,-0.2802,2.7721,0.2411,0.3899,-2.1128,-0.6783,1.7432,3.7947,2.7302,-2.0695,-0.7112,-2.6282,-1.279,-4.7532,0.2975,1.2531,0.4017
